server_mode,mode,users,hours,dt_min,p_gossip,adoption,fork_frac,fork_hour,detected,lat_aw_min,lat_ev_min,aware_cov_end,evid_cov_end,t10_aw,t50_aw,t10_ev,t50_ev,msgs_first_ev,msgs_10_ev,msgs_50_ev,msgs_95_ev,bytes_per_send,bytes_per_delivery,crosscuts,crosscut_rate,proof_inconsistent,evidence_events,seed,p_contact_cross,p_group_cross,p_drop_crosscut,sticky_victims,msg_rate_1to1,msg_rate_group,groups,avg_group_size,proof_withhold_rate,proof_timeout_rate,invalid_proof_rate,wall_s,run_dir,structure
permanent_fork,sth_proof,12000,6.0,5.0,0.01,0.2,0.05,3.0,True,40.0,40.0,0.0,0.0,,,,,14900.0,,,,1.4761120263591434,1.4761120263591434,4.0,0.00013179571663920922,4,4,59000,0.005,0.0,0.0,True,0.28,0.0,2000,6,0.0,0.0,0.0,1.3439483642578125,C:/Users/efasllija/dev/gossip-poc/out_nb_incremental_clean0104/scenario_group_fanout/cond_1/permanent_fork_sth_proof_n12000_pg0p01_a0p2_ff0p05_s59000_drop0_pc0p005_pgc0,1:1 only
permanent_fork,sth_proof,12000,6.0,5.0,0.01,0.2,0.05,3.0,True,175.0,175.0,0.0,0.0,,,,,30999.0,,,,1.820961966515049,1.820961966515049,1.0,3.2259105132423624e-05,1,1,59001,0.005,0.0,0.0,True,0.28,0.0,2000,6,0.0,0.0,0.0,1.0710065364837646,C:/Users/efasllija/dev/gossip-poc/out_nb_incremental_clean0104/scenario_group_fanout/cond_1/permanent_fork_sth_proof_n12000_pg0p01_a0p2_ff0p05_s59001_drop0_pc0p005_pgc0,1:1 only
permanent_fork,sth_proof,12000,6.0,5.0,0.01,0.2,0.05,3.0,True,100.0,100.0,0.0,0.0,,,,,19219.0,,,,1.7805048110444848,1.7805048110444848,2.0,6.972528238739367e-05,2,2,59002,0.005,0.0,0.0,True,0.28,0.0,2000,6,0.0,0.0,0.0,1.3571341037750244,C:/Users/efasllija/dev/gossip-poc/out_nb_incremental_clean0104/scenario_group_fanout/cond_1/permanent_fork_sth_proof_n12000_pg0p01_a0p2_ff0p05_s59002_drop0_pc0p005_pgc0,1:1 only
permanent_fork,sth_proof,12000,6.0,5.0,0.01,0.2,0.05,3.0,True,15.0,15.0,0.0,0.0,,,,,12895.0,,,,2.080705415138155,2.080705415138155,1.0,3.3655302392892e-05,1,1,59003,0.005,0.0,0.0,True,0.28,0.0,2000,6,0.0,0.0,0.0,1.2199628353118896,C:/Users/efasllija/dev/gossip-poc/out_nb_incremental_clean0104/scenario_group_fanout/cond_1/permanent_fork_sth_proof_n12000_pg0p01_a0p2_ff0p05_s59003_drop0_pc0p005_pgc0,1:1 only
permanent_fork,sth_proof,12000,6.0,5.0,0.01,0.2,0.05,3.0,True,120.0,120.0,0.0,0.0,,,,,23086.0,,,,1.793940985328388,1.793940985328388,2.0,6.56447960087964e-05,2,2,59004,0.005,0.0,0.0,True,0.28,0.0,2000,6,0.0,0.0,0.0,1.1176342964172363,C:/Users/efasllija/dev/gossip-poc/out_nb_incremental_clean0104/scenario_group_fanout/cond_1/permanent_fork_sth_proof_n12000_pg0p01_a0p2_ff0p05_s59004_drop0_pc0p005_pgc0,1:1 only
permanent_fork,sth_proof,12000,6.0,5.0,0.01,0.2,0.05,3.0,True,160.0,160.0,0.0,0.0,,,,,26068.0,,,,1.6781397978655734,1.6781397978655734,1.0,3.533818644427168e-05,1,1,59005,0.005,0.0,0.0,True,0.28,0.0,2000,6,0.0,0.0,0.0,1.0518221855163574,C:/Users/efasllija/dev/gossip-poc/out_nb_incremental_clean0104/scenario_group_fanout/cond_1/permanent_fork_sth_proof_n12000_pg0p01_a0p2_ff0p05_s59005_drop0_pc0p005_pgc0,1:1 only
permanent_fork,sth_proof,12000,6.0,5.0,0.01,0.2,0.05,3.0,True,20.0,20.0,0.0,0.0,,,,,13306.0,,,,1.818550842297544,1.818550842297544,2.0,6.76544212164265e-05,2,2,59006,0.005,0.0,0.0,True,0.28,0.0,2000,6,0.0,0.0,0.0,1.1114227771759033,C:/Users/efasllija/dev/gossip-poc/out_nb_incremental_clean0104/scenario_group_fanout/cond_1/permanent_fork_sth_proof_n12000_pg0p01_a0p2_ff0p05_s59006_drop0_pc0p005_pgc0,1:1 only
permanent_fork,sth_proof,12000,6.0,5.0,0.01,0.2,0.05,3.0,True,55.0,55.0,0.0,0.0,,,,,16084.0,,,,1.428362670209233,1.428362670209233,2.0,6.642311524410495e-05,2,2,59007,0.005,0.0,0.0,True,0.28,0.0,2000,6,0.0,0.0,0.0,1.0823588371276855,C:/Users/efasllija/dev/gossip-poc/out_nb_incremental_clean0104/scenario_group_fanout/cond_1/permanent_fork_sth_proof_n12000_pg0p01_a0p2_ff0p05_s59007_drop0_pc0p005_pgc0,1:1 only
permanent_fork,sth_proof,12000,6.0,5.0,0.01,0.2,0.05,3.0,True,5.0,5.0,0.0,0.0,,,,,12428.0,,,,1.1056932261614916,1.1056932261614916,3.0,0.0001000566987959844,3,3,59008,0.005,0.0,0.0,True,0.28,0.0,2000,6,0.0,0.0,0.0,1.1054577827453613,C:/Users/efasllija/dev/gossip-poc/out_nb_incremental_clean0104/scenario_group_fanout/cond_1/permanent_fork_sth_proof_n12000_pg0p01_a0p2_ff0p05_s59008_drop0_pc0p005_pgc0,1:1 only
permanent_fork,sth_proof,12000,6.0,5.0,0.01,0.2,0.05,3.0,True,0.0,0.0,0.0,0.0,,,,,12625.0,,,,1.7712100589798432,1.7712100589798432,5.0,0.00016203253613325554,5,5,59009,0.005,0.0,0.0,True,0.28,0.0,2000,6,0.0,0.0,0.0,1.0777952671051025,C:/Users/efasllija/dev/gossip-poc/out_nb_incremental_clean0104/scenario_group_fanout/cond_1/permanent_fork_sth_proof_n12000_pg0p01_a0p2_ff0p05_s59009_drop0_pc0p005_pgc0,1:1 only
permanent_fork,sth_proof,12000,6.0,5.0,0.01,0.2,0.05,3.0,True,75.0,75.0,0.0,0.0,,,,,17254.0,,,,1.6857660862723634,1.6857660862723634,3.0,0.00010262374713508706,3,3,59010,0.005,0.0,0.0,True,0.28,0.0,2000,6,0.0,0.0,0.0,1.0611846446990967,C:/Users/efasllija/dev/gossip-poc/out_nb_incremental_clean0104/scenario_group_fanout/cond_1/permanent_fork_sth_proof_n12000_pg0p01_a0p2_ff0p05_s59010_drop0_pc0p005_pgc0,1:1 only
permanent_fork,sth_proof,12000,6.0,5.0,0.01,0.2,0.05,3.0,True,0.0,0.0,0.0,0.0,,,,,11808.0,,,,1.9451588123309174,1.9451588123309174,5.0,0.00016699509034434387,5,5,59011,0.005,0.0,0.0,True,0.28,0.0,2000,6,0.0,0.0,0.0,1.1147432327270508,C:/Users/efasllija/dev/gossip-poc/out_nb_incremental_clean0104/scenario_group_fanout/cond_1/permanent_fork_sth_proof_n12000_pg0p01_a0p2_ff0p05_s59011_drop0_pc0p005_pgc0,1:1 only
permanent_fork,sth_proof,12000,6.0,5.0,0.01,0.2,0.05,3.0,True,25.0,25.0,0.0,0.0,,,,,53120.0,,,,1.8560770156438027,1.8560770156438027,7.0,6.016847172081829e-05,7,7,60000,0.005,0.0,0.0,True,0.04,0.24,2000,6,0.0,0.0,0.0,1.060809850692749,C:/Users/efasllija/dev/gossip-poc/out_nb_incremental_clean0104/scenario_group_fanout/cond_2/permanent_fork_sth_proof_n12000_pg0p01_a0p2_ff0p05_s60000_drop0_pc0p005_pgc0,"Groups
within-cut"
permanent_fork,sth_proof,12000,6.0,5.0,0.01,0.2,0.05,3.0,True,60.0,60.0,0.0,0.0,,,,,64512.0,,,,1.7068988978092257,1.7068988978092257,15.0,0.00012756837664988435,15,15,60001,0.005,0.0,0.0,True,0.04,0.24,2000,6,0.0,0.0,0.0,1.0114591121673584,C:/Users/efasllija/dev/gossip-poc/out_nb_incremental_clean0104/scenario_group_fanout/cond_2/permanent_fork_sth_proof_n12000_pg0p01_a0p2_ff0p05_s60001_drop0_pc0p005_pgc0,"Groups
within-cut"
permanent_fork,sth_proof,12000,6.0,5.0,0.01,0.2,0.05,3.0,True,5.0,5.0,0.0,0.0,,,,,49735.0,,,,1.787712457260181,1.787712457260181,12.0,9.934679482403198e-05,12,12,60002,0.005,0.0,0.0,True,0.04,0.24,2000,6,0.0,0.0,0.0,1.056107997894287,C:/Users/efasllija/dev/gossip-poc/out_nb_incremental_clean0104/scenario_group_fanout/cond_2/permanent_fork_sth_proof_n12000_pg0p01_a0p2_ff0p05_s60002_drop0_pc0p005_pgc0,"Groups
within-cut"
permanent_fork,sth_proof,12000,6.0,5.0,0.01,0.2,0.05,3.0,True,10.0,10.0,0.0,0.0,,,,,48889.0,,,,2.1330757154932978,2.1330757154932978,14.0,0.00012075836251660427,14,14,60003,0.005,0.0,0.0,True,0.04,0.24,2000,6,0.0,0.0,0.0,1.009244680404663,C:/Users/efasllija/dev/gossip-poc/out_nb_incremental_clean0104/scenario_group_fanout/cond_2/permanent_fork_sth_proof_n12000_pg0p01_a0p2_ff0p05_s60003_drop0_pc0p005_pgc0,"Groups
within-cut"
permanent_fork,sth_proof,12000,6.0,5.0,0.01,0.2,0.05,3.0,True,20.0,20.0,0.0,0.0,,,,,52875.0,,,,2.1326870645259013,2.1326870645259013,13.0,0.00011252001557969446,13,13,60004,0.005,0.0,0.0,True,0.04,0.24,2000,6,0.0,0.0,0.0,1.0153272151947021,C:/Users/efasllija/dev/gossip-poc/out_nb_incremental_clean0104/scenario_group_fanout/cond_2/permanent_fork_sth_proof_n12000_pg0p01_a0p2_ff0p05_s60004_drop0_pc0p005_pgc0,"Groups
within-cut"
permanent_fork,sth_proof,12000,6.0,5.0,0.01,0.2,0.05,3.0,True,15.0,15.0,0.0,0.0,,,,,55459.0,,,,2.245398281811704,2.245398281811704,17.0,0.00013610997686130393,17,17,60005,0.005,0.0,0.0,True,0.04,0.24,2000,6,0.0,0.0,0.0,1.0308053493499756,C:/Users/efasllija/dev/gossip-poc/out_nb_incremental_clean0104/scenario_group_fanout/cond_2/permanent_fork_sth_proof_n12000_pg0p01_a0p2_ff0p05_s60005_drop0_pc0p005_pgc0,"Groups
within-cut"
permanent_fork,sth_proof,12000,6.0,5.0,0.01,0.2,0.05,3.0,True,35.0,35.0,0.0,0.0,,,,,54839.0,,,,1.8461375903635675,1.8461375903635675,8.0,7.044175787406774e-05,8,8,60006,0.005,0.0,0.0,True,0.04,0.24,2000,6,0.0,0.0,0.0,1.0146279335021973,C:/Users/efasllija/dev/gossip-poc/out_nb_incremental_clean0104/scenario_group_fanout/cond_2/permanent_fork_sth_proof_n12000_pg0p01_a0p2_ff0p05_s60006_drop0_pc0p005_pgc0,"Groups
within-cut"
permanent_fork,sth_proof,12000,6.0,5.0,0.01,0.2,0.05,3.0,True,60.0,60.0,0.0,0.0,,,,,65567.0,,,,2.2314045386394246,2.2314045386394246,6.0,5.082462961551168e-05,6,6,60007,0.005,0.0,0.0,True,0.04,0.24,2000,6,0.0,0.0,0.0,1.00197434425354,C:/Users/efasllija/dev/gossip-poc/out_nb_incremental_clean0104/scenario_group_fanout/cond_2/permanent_fork_sth_proof_n12000_pg0p01_a0p2_ff0p05_s60007_drop0_pc0p005_pgc0,"Groups
within-cut"
permanent_fork,sth_proof,12000,6.0,5.0,0.01,0.2,0.05,3.0,True,25.0,25.0,0.0,0.0,,,,,54411.0,,,,2.0168146275501204,2.0168146275501204,9.0,7.559023374180056e-05,9,9,60008,0.005,0.0,0.0,True,0.04,0.24,2000,6,0.0,0.0,0.0,1.0117027759552002,C:/Users/efasllija/dev/gossip-poc/out_nb_incremental_clean0104/scenario_group_fanout/cond_2/permanent_fork_sth_proof_n12000_pg0p01_a0p2_ff0p05_s60008_drop0_pc0p005_pgc0,"Groups
within-cut"
permanent_fork,sth_proof,12000,6.0,5.0,0.01,0.2,0.05,3.0,True,110.0,110.0,0.0,0.0,,,,,85538.0,,,,2.0967934674367656,2.0967934674367656,30.0,0.00024895439155546705,30,30,60009,0.005,0.0,0.0,True,0.04,0.24,2000,6,0.0,0.0,0.0,1.0180137157440186,C:/Users/efasllija/dev/gossip-poc/out_nb_incremental_clean0104/scenario_group_fanout/cond_2/permanent_fork_sth_proof_n12000_pg0p01_a0p2_ff0p05_s60009_drop0_pc0p005_pgc0,"Groups
within-cut"
permanent_fork,sth_proof,12000,6.0,5.0,0.01,0.2,0.05,3.0,True,5.0,5.0,0.0,0.0,,,,,47782.0,,,,1.8428566490372982,1.8428566490372982,9.0,7.77766255314736e-05,9,9,60010,0.005,0.0,0.0,True,0.04,0.24,2000,6,0.0,0.0,0.0,1.007340908050537,C:/Users/efasllija/dev/gossip-poc/out_nb_incremental_clean0104/scenario_group_fanout/cond_2/permanent_fork_sth_proof_n12000_pg0p01_a0p2_ff0p05_s60010_drop0_pc0p005_pgc0,"Groups
within-cut"
permanent_fork,sth_proof,12000,6.0,5.0,0.01,0.2,0.05,3.0,True,20.0,20.0,0.0,0.0,,,,,51066.0,,,,2.6434128766121874,2.6434128766121874,16.0,0.00013924425182322943,16,16,60011,0.005,0.0,0.0,True,0.04,0.24,2000,6,0.0,0.0,0.0,1.017765760421753,C:/Users/efasllija/dev/gossip-poc/out_nb_incremental_clean0104/scenario_group_fanout/cond_2/permanent_fork_sth_proof_n12000_pg0p01_a0p2_ff0p05_s60011_drop0_pc0p005_pgc0,"Groups
within-cut"
permanent_fork,sth_proof,12000,6.0,5.0,0.01,0.2,0.05,3.0,True,35.0,35.0,0.0,0.0,,,,,57892.0,,,,1.9741612418627943,1.9741612418627943,13.0,0.0001084960774495076,13,13,61000,0.005,0.05,0.0,True,0.04,0.24,2000,6,0.0,0.0,0.0,1.030698299407959,C:/Users/efasllija/dev/gossip-poc/out_nb_incremental_clean0104/scenario_group_fanout/cond_3/permanent_fork_sth_proof_n12000_pg0p01_a0p2_ff0p05_s61000_drop0_pc0p005_pgc0p05,"Groups
cross-cut"
permanent_fork,sth_proof,12000,6.0,5.0,0.01,0.2,0.05,3.0,True,10.0,10.0,0.0,0.0,,,,,51329.0,,,,2.1724364611168503,2.1724364611168503,7.0,5.9761126241110535e-05,7,7,61001,0.005,0.05,0.0,True,0.04,0.24,2000,6,0.0,0.0,0.0,1.018911600112915,C:/Users/efasllija/dev/gossip-poc/out_nb_incremental_clean0104/scenario_group_fanout/cond_3/permanent_fork_sth_proof_n12000_pg0p01_a0p2_ff0p05_s61001_drop0_pc0p005_pgc0p05,"Groups
cross-cut"
permanent_fork,sth_proof,12000,6.0,5.0,0.01,0.2,0.05,3.0,True,65.0,65.0,0.0,0.0,,,,,65675.0,,,,1.8030193111548694,1.8030193111548694,6.0,5.1818841330707844e-05,6,6,61002,0.005,0.05,0.0,True,0.04,0.24,2000,6,0.0,0.0,0.0,1.0338757038116455,C:/Users/efasllija/dev/gossip-poc/out_nb_incremental_clean0104/scenario_group_fanout/cond_3/permanent_fork_sth_proof_n12000_pg0p01_a0p2_ff0p05_s61002_drop0_pc0p005_pgc0p05,"Groups
cross-cut"
permanent_fork,sth_proof,12000,6.0,5.0,0.01,0.2,0.05,3.0,True,125.0,125.0,0.0,0.0,,,,,91892.0,,,,1.225697620746087,1.225697620746087,4.0,3.3569720112458565e-05,4,4,61003,0.005,0.05,0.0,True,0.04,0.24,2000,6,0.0,0.0,0.0,1.057936668395996,C:/Users/efasllija/dev/gossip-poc/out_nb_incremental_clean0104/scenario_group_fanout/cond_3/permanent_fork_sth_proof_n12000_pg0p01_a0p2_ff0p05_s61003_drop0_pc0p005_pgc0p05,"Groups
cross-cut"
permanent_fork,sth_proof,12000,6.0,5.0,0.01,0.2,0.05,3.0,True,10.0,10.0,0.0,0.0,,,,,48455.0,,,,2.0001417333994755,2.0001417333994755,18.0,0.00015945007441003472,18,18,61004,0.005,0.05,0.0,True,0.04,0.24,2000,6,0.0,0.0,0.0,1.0489821434020996,C:/Users/efasllija/dev/gossip-poc/out_nb_incremental_clean0104/scenario_group_fanout/cond_3/permanent_fork_sth_proof_n12000_pg0p01_a0p2_ff0p05_s61004_drop0_pc0p005_pgc0p05,"Groups
cross-cut"
permanent_fork,sth_proof,12000,6.0,5.0,0.01,0.2,0.05,3.0,True,65.0,65.0,0.0,0.0,,,,,67417.0,,,,1.702949314181433,1.702949314181433,5.0,4.204896181113288e-05,5,5,61005,0.005,0.05,0.0,True,0.04,0.24,2000,6,0.0,0.0,0.0,1.0593507289886475,C:/Users/efasllija/dev/gossip-poc/out_nb_incremental_clean0104/scenario_group_fanout/cond_3/permanent_fork_sth_proof_n12000_pg0p01_a0p2_ff0p05_s61005_drop0_pc0p005_pgc0p05,"Groups
cross-cut"
permanent_fork,sth_proof,12000,6.0,5.0,0.01,0.2,0.05,3.0,True,40.0,40.0,0.0,0.0,,,,,57442.0,,,,2.102415458937198,2.102415458937198,4.0,3.450655624568668e-05,4,4,61006,0.005,0.05,0.0,True,0.04,0.24,2000,6,0.0,0.0,0.0,1.007910966873169,C:/Users/efasllija/dev/gossip-poc/out_nb_incremental_clean0104/scenario_group_fanout/cond_3/permanent_fork_sth_proof_n12000_pg0p01_a0p2_ff0p05_s61006_drop0_pc0p005_pgc0p05,"Groups
cross-cut"
permanent_fork,sth_proof,12000,6.0,5.0,0.01,0.2,0.05,3.0,True,75.0,75.0,0.0,0.0,,,,,65902.0,,,,2.025330989200244,2.025330989200244,14.0,0.00012557855835815005,14,14,61007,0.005,0.05,0.0,True,0.04,0.24,2000,6,0.0,0.0,0.0,1.0209715366363525,C:/Users/efasllija/dev/gossip-poc/out_nb_incremental_clean0104/scenario_group_fanout/cond_3/permanent_fork_sth_proof_n12000_pg0p01_a0p2_ff0p05_s61007_drop0_pc0p005_pgc0p05,"Groups
cross-cut"
permanent_fork,sth_proof,12000,6.0,5.0,0.01,0.2,0.05,3.0,True,60.0,60.0,0.0,0.0,,,,,64097.0,,,,1.9157088122605364,1.9157088122605364,14.0,0.00011973180076628352,14,14,61008,0.005,0.05,0.0,True,0.04,0.24,2000,6,0.0,0.0,0.0,1.0392568111419678,C:/Users/efasllija/dev/gossip-poc/out_nb_incremental_clean0104/scenario_group_fanout/cond_3/permanent_fork_sth_proof_n12000_pg0p01_a0p2_ff0p05_s61008_drop0_pc0p005_pgc0p05,"Groups
cross-cut"
permanent_fork,sth_proof,12000,6.0,5.0,0.01,0.2,0.05,3.0,True,5.0,5.0,0.0,0.0,,,,,48880.0,,,,1.9763263794177568,1.9763263794177568,9.0,7.576905591756326e-05,9,9,61009,0.005,0.05,0.0,True,0.04,0.24,2000,6,0.0,0.0,0.0,1.0095603466033936,C:/Users/efasllija/dev/gossip-poc/out_nb_incremental_clean0104/scenario_group_fanout/cond_3/permanent_fork_sth_proof_n12000_pg0p01_a0p2_ff0p05_s61009_drop0_pc0p005_pgc0p05,"Groups
cross-cut"
permanent_fork,sth_proof,12000,6.0,5.0,0.01,0.2,0.05,3.0,True,20.0,20.0,0.0,0.0,,,,,48609.0,,,,1.3563759505079584,1.3563759505079584,9.0,7.875324857150357e-05,9,9,61010,0.005,0.05,0.0,True,0.04,0.24,2000,6,0.0,0.0,0.0,1.0117950439453125,C:/Users/efasllija/dev/gossip-poc/out_nb_incremental_clean0104/scenario_group_fanout/cond_3/permanent_fork_sth_proof_n12000_pg0p01_a0p2_ff0p05_s61010_drop0_pc0p005_pgc0p05,"Groups
cross-cut"
permanent_fork,sth_proof,12000,6.0,5.0,0.01,0.2,0.05,3.0,True,50.0,50.0,0.0,0.0,,,,,60697.0,,,,2.099763113367174,2.099763113367174,3.0,2.5380710659898476e-05,3,3,61011,0.005,0.05,0.0,True,0.04,0.24,2000,6,0.0,0.0,0.0,1.041811227798462,C:/Users/efasllija/dev/gossip-poc/out_nb_incremental_clean0104/scenario_group_fanout/cond_3/permanent_fork_sth_proof_n12000_pg0p01_a0p2_ff0p05_s61011_drop0_pc0p005_pgc0p05,"Groups
cross-cut"
