server_mode,mode,users,hours,dt_min,p_gossip,adoption,fork_frac,fork_hour,detected,lat_aw_min,lat_ev_min,aware_cov_end,evid_cov_end,t10_aw,t50_aw,t10_ev,t50_ev,msgs_first_ev,msgs_10_ev,msgs_50_ev,msgs_95_ev,bytes_per_send,bytes_per_delivery,crosscuts,crosscut_rate,proof_inconsistent,evidence_events,seed,p_contact_cross,p_group_cross,p_drop_crosscut,sticky_victims,msg_rate_1to1,msg_rate_group,groups,avg_group_size,proof_withhold_rate,proof_timeout_rate,invalid_proof_rate,wall_s,run_dir,mix_level
permanent_fork,sth_proof,8000,6.0,5.0,0.004,0.1,0.05,3.0,True,70.0,70.0,0.0,0.0,,,,,31816.0,,,,0.5910723447922012,0.5910723447922012,1.0,1.832441545114711e-05,1,1,51000,0.05,0.05,0.0,True,0.2,0.08,800,10,0.0,0.0,0.0,0.684840202331543,C:/Users/efasllija/dev/gossip-poc/out_nb_incremental_clean0104/scenario_mixing_sensitivity_lite_refined/mix_0p05/permanent_fork_sth_proof_n8000_pg0p004_a0p1_ff0p05_s51000_drop0_pc0p05_pgc0p05,0.05
permanent_fork,sth_proof,8000,6.0,5.0,0.004,0.1,0.05,3.0,True,55.0,55.0,0.0,0.0,,,,,28670.0,,,,0.4717651704620245,0.4717651704620245,1.0,1.880441527670697e-05,1,1,51001,0.05,0.05,0.0,True,0.2,0.08,800,10,0.0,0.0,0.0,0.677980899810791,C:/Users/efasllija/dev/gossip-poc/out_nb_incremental_clean0104/scenario_mixing_sensitivity_lite_refined/mix_0p05/permanent_fork_sth_proof_n8000_pg0p004_a0p1_ff0p05_s51001_drop0_pc0p05_pgc0p05,0.05
permanent_fork,sth_proof,8000,6.0,5.0,0.004,0.1,0.05,3.0,False,,,0.0,0.0,,,,,,,,,0.1249526845303317,0.1249526845303317,0.0,0.0,0,0,51002,0.05,0.05,0.0,True,0.2,0.08,800,10,0.0,0.0,0.0,0.6724944114685059,C:/Users/efasllija/dev/gossip-poc/out_nb_incremental_clean0104/scenario_mixing_sensitivity_lite_refined/mix_0p05/permanent_fork_sth_proof_n8000_pg0p004_a0p1_ff0p05_s51002_drop0_pc0p05_pgc0p05,0.05
permanent_fork,sth_proof,8000,6.0,5.0,0.004,0.1,0.05,3.0,True,170.0,170.0,0.0,0.0,,,,,52845.0,,,,0.611716948057939,0.611716948057939,1.0,1.845188670541563e-05,1,1,51003,0.05,0.05,0.0,True,0.2,0.08,800,10,0.0,0.0,0.0,0.6731607913970947,C:/Users/efasllija/dev/gossip-poc/out_nb_incremental_clean0104/scenario_mixing_sensitivity_lite_refined/mix_0p05/permanent_fork_sth_proof_n8000_pg0p004_a0p1_ff0p05_s51003_drop0_pc0p05_pgc0p05,0.05
permanent_fork,sth_proof,8000,6.0,5.0,0.004,0.1,0.05,3.0,False,,,0.0,0.0,,,,,,,,,0.0844820758452922,0.0844820758452922,0.0,0.0,0,0,51004,0.05,0.05,0.0,True,0.2,0.08,800,10,0.0,0.0,0.0,0.6608870029449463,C:/Users/efasllija/dev/gossip-poc/out_nb_incremental_clean0104/scenario_mixing_sensitivity_lite_refined/mix_0p05/permanent_fork_sth_proof_n8000_pg0p004_a0p1_ff0p05_s51004_drop0_pc0p05_pgc0p05,0.05
permanent_fork,sth_proof,8000,6.0,5.0,0.004,0.1,0.05,3.0,True,175.0,175.0,0.0,0.0,,,,,54814.0,,,,0.5230780457547342,0.5230780457547342,1.0,1.8243514430619916e-05,1,1,51005,0.05,0.05,0.0,True,0.2,0.08,800,10,0.0,0.0,0.0,0.6621854305267334,C:/Users/efasllija/dev/gossip-poc/out_nb_incremental_clean0104/scenario_mixing_sensitivity_lite_refined/mix_0p05/permanent_fork_sth_proof_n8000_pg0p004_a0p1_ff0p05_s51005_drop0_pc0p05_pgc0p05,0.05
permanent_fork,sth_proof,8000,6.0,5.0,0.005,0.1,0.05,3.0,True,70.0,70.0,0.0,0.0,,,,,31816.0,,,,0.7224217547460235,0.7224217547460235,2.0,3.664883090229422e-05,2,2,51000,0.05,0.05,0.0,True,0.2,0.08,800,10,0.0,0.0,0.0,0.6809351444244385,C:/Users/efasllija/dev/gossip-poc/out_nb_incremental_clean0104/scenario_mixing_sensitivity_lite_refined/mix_0p05/permanent_fork_sth_proof_n8000_pg0p005_a0p1_ff0p05_s51000_drop0_pc0p05_pgc0p05,0.05
permanent_fork,sth_proof,8000,6.0,5.0,0.005,0.1,0.05,3.0,True,55.0,55.0,0.0,0.0,,,,,28670.0,,,,0.48861392654995395,0.48861392654995395,1.0,1.880441527670697e-05,1,1,51001,0.05,0.05,0.0,True,0.2,0.08,800,10,0.0,0.0,0.0,0.6641242504119873,C:/Users/efasllija/dev/gossip-poc/out_nb_incremental_clean0104/scenario_mixing_sensitivity_lite_refined/mix_0p05/permanent_fork_sth_proof_n8000_pg0p005_a0p1_ff0p05_s51001_drop0_pc0p05_pgc0p05,0.05
permanent_fork,sth_proof,8000,6.0,5.0,0.005,0.1,0.05,3.0,False,,,0.0,0.0,,,,,,,,,0.3034565195736627,0.3034565195736627,0.0,0.0,0,0,51002,0.05,0.05,0.0,True,0.2,0.08,800,10,0.0,0.0,0.0,0.6448016166687012,C:/Users/efasllija/dev/gossip-poc/out_nb_incremental_clean0104/scenario_mixing_sensitivity_lite_refined/mix_0p05/permanent_fork_sth_proof_n8000_pg0p005_a0p1_ff0p05_s51002_drop0_pc0p05_pgc0p05,0.05
permanent_fork,sth_proof,8000,6.0,5.0,0.005,0.1,0.05,3.0,True,170.0,170.0,0.0,0.0,,,,,52845.0,,,,0.6282498385459914,0.6282498385459914,1.0,1.845188670541563e-05,1,1,51003,0.05,0.05,0.0,True,0.2,0.08,800,10,0.0,0.0,0.0,0.6646182537078857,C:/Users/efasllija/dev/gossip-poc/out_nb_incremental_clean0104/scenario_mixing_sensitivity_lite_refined/mix_0p05/permanent_fork_sth_proof_n8000_pg0p005_a0p1_ff0p05_s51003_drop0_pc0p05_pgc0p05,0.05
permanent_fork,sth_proof,8000,6.0,5.0,0.005,0.1,0.05,3.0,False,,,0.0,0.0,,,,,,,,,0.10137849101435063,0.10137849101435063,0.0,0.0,0,0,51004,0.05,0.05,0.0,True,0.2,0.08,800,10,0.0,0.0,0.0,0.6696937084197998,C:/Users/efasllija/dev/gossip-poc/out_nb_incremental_clean0104/scenario_mixing_sensitivity_lite_refined/mix_0p05/permanent_fork_sth_proof_n8000_pg0p005_a0p1_ff0p05_s51004_drop0_pc0p05_pgc0p05,0.05
permanent_fork,sth_proof,8000,6.0,5.0,0.005,0.1,0.05,3.0,True,175.0,175.0,0.0,0.0,,,,,54814.0,,,,0.5721166125442405,0.5721166125442405,1.0,1.8243514430619916e-05,1,1,51005,0.05,0.05,0.0,True,0.2,0.08,800,10,0.0,0.0,0.0,0.6815428733825684,C:/Users/efasllija/dev/gossip-poc/out_nb_incremental_clean0104/scenario_mixing_sensitivity_lite_refined/mix_0p05/permanent_fork_sth_proof_n8000_pg0p005_a0p1_ff0p05_s51005_drop0_pc0p05_pgc0p05,0.05
permanent_fork,sth_proof,8000,6.0,5.0,0.006,0.1,0.05,3.0,True,70.0,70.0,0.0,0.0,,,,,31816.0,,,,0.9851205746536685,0.9851205746536685,3.0,5.4973246353441326e-05,3,3,51000,0.05,0.05,0.0,True,0.2,0.08,800,10,0.0,0.0,0.0,0.7144012451171875,C:/Users/efasllija/dev/gossip-poc/out_nb_incremental_clean0104/scenario_mixing_sensitivity_lite_refined/mix_0p05/permanent_fork_sth_proof_n8000_pg0p006_a0p1_ff0p05_s51000_drop0_pc0p05_pgc0p05,0.05
permanent_fork,sth_proof,8000,6.0,5.0,0.006,0.1,0.05,3.0,True,55.0,55.0,0.0,0.0,,,,,28670.0,,,,0.5897064630775306,0.5897064630775306,2.0,3.760883055341394e-05,2,2,51001,0.05,0.05,0.0,True,0.2,0.08,800,10,0.0,0.0,0.0,0.6771974563598633,C:/Users/efasllija/dev/gossip-poc/out_nb_incremental_clean0104/scenario_mixing_sensitivity_lite_refined/mix_0p05/permanent_fork_sth_proof_n8000_pg0p006_a0p1_ff0p05_s51001_drop0_pc0p05_pgc0p05,0.05
permanent_fork,sth_proof,8000,6.0,5.0,0.006,0.1,0.05,3.0,False,,,0.0,0.0,,,,,,,,,0.4819603546169937,0.4819603546169937,0.0,0.0,0,0,51002,0.05,0.05,0.0,True,0.2,0.08,800,10,0.0,0.0,0.0,0.6631600856781006,C:/Users/efasllija/dev/gossip-poc/out_nb_incremental_clean0104/scenario_mixing_sensitivity_lite_refined/mix_0p05/permanent_fork_sth_proof_n8000_pg0p006_a0p1_ff0p05_s51002_drop0_pc0p05_pgc0p05,0.05
permanent_fork,sth_proof,8000,6.0,5.0,0.006,0.1,0.05,3.0,True,25.0,25.0,0.0,0.0,,,,,24722.0,,,,0.9754405387950918,0.9754405387950918,3.0,5.535566011624689e-05,3,3,51003,0.05,0.05,0.0,True,0.2,0.08,800,10,0.0,0.0,0.0,0.6772844791412354,C:/Users/efasllija/dev/gossip-poc/out_nb_incremental_clean0104/scenario_mixing_sensitivity_lite_refined/mix_0p05/permanent_fork_sth_proof_n8000_pg0p006_a0p1_ff0p05_s51003_drop0_pc0p05_pgc0p05,0.05
permanent_fork,sth_proof,8000,6.0,5.0,0.006,0.1,0.05,3.0,False,,,0.0,0.0,,,,,,,,,0.11827490618340908,0.11827490618340908,0.0,0.0,0,0,51004,0.05,0.05,0.0,True,0.2,0.08,800,10,0.0,0.0,0.0,0.6780736446380615,C:/Users/efasllija/dev/gossip-poc/out_nb_incremental_clean0104/scenario_mixing_sensitivity_lite_refined/mix_0p05/permanent_fork_sth_proof_n8000_pg0p006_a0p1_ff0p05_s51004_drop0_pc0p05_pgc0p05,0.05
permanent_fork,sth_proof,8000,6.0,5.0,0.006,0.1,0.05,3.0,True,175.0,175.0,0.0,0.0,,,,,54814.0,,,,1.2259641697376582,1.2259641697376582,1.0,1.8243514430619916e-05,1,1,51005,0.05,0.05,0.0,True,0.2,0.08,800,10,0.0,0.0,0.0,0.6791722774505615,C:/Users/efasllija/dev/gossip-poc/out_nb_incremental_clean0104/scenario_mixing_sensitivity_lite_refined/mix_0p05/permanent_fork_sth_proof_n8000_pg0p006_a0p1_ff0p05_s51005_drop0_pc0p05_pgc0p05,0.05
permanent_fork,sth_proof,8000,6.0,5.0,0.007,0.1,0.05,3.0,True,70.0,70.0,0.0,0.0,,,,,31816.0,,,,1.4120061570035916,1.4120061570035916,5.0,9.162207725573554e-05,5,5,51000,0.05,0.05,0.0,True,0.2,0.08,800,10,0.0,0.0,0.0,0.6835484504699707,C:/Users/efasllija/dev/gossip-poc/out_nb_incremental_clean0104/scenario_mixing_sensitivity_lite_refined/mix_0p05/permanent_fork_sth_proof_n8000_pg0p007_a0p1_ff0p05_s51000_drop0_pc0p05_pgc0p05,0.05
permanent_fork,sth_proof,8000,6.0,5.0,0.007,0.1,0.05,3.0,True,15.0,15.0,0.0,0.0,,,,,23089.0,,,,0.8255890483085428,0.8255890483085428,3.0,5.641324583012091e-05,3,3,51001,0.05,0.05,0.0,True,0.2,0.08,800,10,0.0,0.0,0.0,0.6890788078308105,C:/Users/efasllija/dev/gossip-poc/out_nb_incremental_clean0104/scenario_mixing_sensitivity_lite_refined/mix_0p05/permanent_fork_sth_proof_n8000_pg0p007_a0p1_ff0p05_s51001_drop0_pc0p05_pgc0p05,0.05
permanent_fork,sth_proof,8000,6.0,5.0,0.007,0.1,0.05,3.0,False,,,0.0,0.0,,,,,,,,,0.9639207092339874,0.9639207092339874,0.0,0.0,0,0,51002,0.05,0.05,0.0,True,0.2,0.08,800,10,0.0,0.0,0.0,0.6924076080322266,C:/Users/efasllija/dev/gossip-poc/out_nb_incremental_clean0104/scenario_mixing_sensitivity_lite_refined/mix_0p05/permanent_fork_sth_proof_n8000_pg0p007_a0p1_ff0p05_s51002_drop0_pc0p05_pgc0p05,0.05
permanent_fork,sth_proof,8000,6.0,5.0,0.007,0.1,0.05,3.0,True,25.0,25.0,0.0,0.0,,,,,24722.0,,,,1.2399667866039303,1.2399667866039303,3.0,5.535566011624689e-05,3,3,51003,0.05,0.05,0.0,True,0.2,0.08,800,10,0.0,0.0,0.0,0.6865725517272949,C:/Users/efasllija/dev/gossip-poc/out_nb_incremental_clean0104/scenario_mixing_sensitivity_lite_refined/mix_0p05/permanent_fork_sth_proof_n8000_pg0p007_a0p1_ff0p05_s51003_drop0_pc0p05_pgc0p05,0.05
permanent_fork,sth_proof,8000,6.0,5.0,0.007,0.1,0.05,3.0,True,10.0,10.0,0.0,0.0,,,,,22976.0,,,,0.15206773652152597,0.15206773652152597,1.0,1.8857606215467008e-05,1,1,51004,0.05,0.05,0.0,True,0.2,0.08,800,10,0.0,0.0,0.0,0.6653549671173096,C:/Users/efasllija/dev/gossip-poc/out_nb_incremental_clean0104/scenario_mixing_sensitivity_lite_refined/mix_0p05/permanent_fork_sth_proof_n8000_pg0p007_a0p1_ff0p05_s51004_drop0_pc0p05_pgc0p05,0.05
permanent_fork,sth_proof,8000,6.0,5.0,0.007,0.1,0.05,3.0,True,175.0,175.0,0.0,0.0,,,,,54814.0,,,,1.2423103586674937,1.2423103586674937,1.0,1.8243514430619916e-05,1,1,51005,0.05,0.05,0.0,True,0.2,0.08,800,10,0.0,0.0,0.0,0.6833171844482422,C:/Users/efasllija/dev/gossip-poc/out_nb_incremental_clean0104/scenario_mixing_sensitivity_lite_refined/mix_0p05/permanent_fork_sth_proof_n8000_pg0p007_a0p1_ff0p05_s51005_drop0_pc0p05_pgc0p05,0.05
permanent_fork,sth_proof,8000,6.0,5.0,0.008,0.1,0.05,3.0,True,70.0,70.0,0.0,0.0,,,,,31816.0,,,,1.4284248332478193,1.4284248332478193,5.0,9.162207725573554e-05,5,5,51000,0.05,0.05,0.0,True,0.2,0.08,800,10,0.0,0.0,0.0,0.6796698570251465,C:/Users/efasllija/dev/gossip-poc/out_nb_incremental_clean0104/scenario_mixing_sensitivity_lite_refined/mix_0p05/permanent_fork_sth_proof_n8000_pg0p008_a0p1_ff0p05_s51000_drop0_pc0p05_pgc0p05,0.05
permanent_fork,sth_proof,8000,6.0,5.0,0.008,0.1,0.05,3.0,True,15.0,15.0,0.0,0.0,,,,,23089.0,,,,1.0109253652757668,1.0109253652757668,3.0,5.641324583012091e-05,3,3,51001,0.05,0.05,0.0,True,0.2,0.08,800,10,0.0,0.0,0.0,0.6725363731384277,C:/Users/efasllija/dev/gossip-poc/out_nb_incremental_clean0104/scenario_mixing_sensitivity_lite_refined/mix_0p05/permanent_fork_sth_proof_n8000_pg0p008_a0p1_ff0p05_s51001_drop0_pc0p05_pgc0p05,0.05
permanent_fork,sth_proof,8000,6.0,5.0,0.008,0.1,0.05,3.0,False,,,0.0,0.0,,,,,,,,,0.9817710927383205,0.9817710927383205,0.0,0.0,0,0,51002,0.05,0.05,0.0,True,0.2,0.08,800,10,0.0,0.0,0.0,0.6808791160583496,C:/Users/efasllija/dev/gossip-poc/out_nb_incremental_clean0104/scenario_mixing_sensitivity_lite_refined/mix_0p05/permanent_fork_sth_proof_n8000_pg0p008_a0p1_ff0p05_s51002_drop0_pc0p05_pgc0p05,0.05
permanent_fork,sth_proof,8000,6.0,5.0,0.008,0.1,0.05,3.0,True,25.0,25.0,0.0,0.0,,,,,24722.0,,,,1.2564996770919827,1.2564996770919827,3.0,5.535566011624689e-05,3,3,51003,0.05,0.05,0.0,True,0.2,0.08,800,10,0.0,0.0,0.0,0.6650500297546387,C:/Users/efasllija/dev/gossip-poc/out_nb_incremental_clean0104/scenario_mixing_sensitivity_lite_refined/mix_0p05/permanent_fork_sth_proof_n8000_pg0p008_a0p1_ff0p05_s51003_drop0_pc0p05_pgc0p05,0.05
permanent_fork,sth_proof,8000,6.0,5.0,0.008,0.1,0.05,3.0,True,10.0,10.0,0.0,0.0,,,,,22976.0,,,,0.21965339719775973,0.21965339719775973,2.0,3.7715212430934016e-05,2,2,51004,0.05,0.05,0.0,True,0.2,0.08,800,10,0.0,0.0,0.0,0.6887719631195068,C:/Users/efasllija/dev/gossip-poc/out_nb_incremental_clean0104/scenario_mixing_sensitivity_lite_refined/mix_0p05/permanent_fork_sth_proof_n8000_pg0p008_a0p1_ff0p05_s51004_drop0_pc0p05_pgc0p05,0.05
permanent_fork,sth_proof,8000,6.0,5.0,0.008,0.1,0.05,3.0,True,175.0,175.0,0.0,0.0,,,,,54814.0,,,,1.2423103586674937,1.2423103586674937,1.0,1.8243514430619916e-05,1,1,51005,0.05,0.05,0.0,True,0.2,0.08,800,10,0.0,0.0,0.0,0.6649889945983887,C:/Users/efasllija/dev/gossip-poc/out_nb_incremental_clean0104/scenario_mixing_sensitivity_lite_refined/mix_0p05/permanent_fork_sth_proof_n8000_pg0p008_a0p1_ff0p05_s51005_drop0_pc0p05_pgc0p05,0.05
permanent_fork,sth_proof,8000,6.0,5.0,0.01,0.1,0.05,3.0,True,70.0,70.0,0.0,0.0,,,,,31816.0,,,,1.625448948178553,1.625448948178553,5.0,9.162207725573554e-05,5,5,51000,0.05,0.05,0.0,True,0.2,0.08,800,10,0.0,0.0,0.0,0.6947414875030518,C:/Users/efasllija/dev/gossip-poc/out_nb_incremental_clean0104/scenario_mixing_sensitivity_lite_refined/mix_0p05/permanent_fork_sth_proof_n8000_pg0p01_a0p1_ff0p05_s51000_drop0_pc0p05_pgc0p05,0.05
permanent_fork,sth_proof,8000,6.0,5.0,0.01,0.1,0.05,3.0,True,15.0,15.0,0.0,0.0,,,,,23089.0,,,,1.061471633539555,1.061471633539555,3.0,5.641324583012091e-05,3,3,51001,0.05,0.05,0.0,True,0.2,0.08,800,10,0.0,0.0,0.0,0.7677991390228271,C:/Users/efasllija/dev/gossip-poc/out_nb_incremental_clean0104/scenario_mixing_sensitivity_lite_refined/mix_0p05/permanent_fork_sth_proof_n8000_pg0p01_a0p1_ff0p05_s51001_drop0_pc0p05_pgc0p05,0.05
permanent_fork,sth_proof,8000,6.0,5.0,0.01,0.1,0.05,3.0,False,,,0.0,0.0,,,,,,,,,0.9996214762426536,0.9996214762426536,0.0,0.0,0,0,51002,0.05,0.05,0.0,True,0.2,0.08,800,10,0.0,0.0,0.0,0.6936800479888916,C:/Users/efasllija/dev/gossip-poc/out_nb_incremental_clean0104/scenario_mixing_sensitivity_lite_refined/mix_0p05/permanent_fork_sth_proof_n8000_pg0p01_a0p1_ff0p05_s51002_drop0_pc0p05_pgc0p05,0.05
permanent_fork,sth_proof,8000,6.0,5.0,0.01,0.1,0.05,3.0,True,25.0,25.0,0.0,0.0,,,,,24722.0,,,,1.4879601439247163,1.4879601439247163,3.0,5.535566011624689e-05,3,3,51003,0.05,0.05,0.0,True,0.2,0.08,800,10,0.0,0.0,0.0,0.7339916229248047,C:/Users/efasllija/dev/gossip-poc/out_nb_incremental_clean0104/scenario_mixing_sensitivity_lite_refined/mix_0p05/permanent_fork_sth_proof_n8000_pg0p01_a0p1_ff0p05_s51003_drop0_pc0p05_pgc0p05,0.05
permanent_fork,sth_proof,8000,6.0,5.0,0.01,0.1,0.05,3.0,True,10.0,10.0,0.0,0.0,,,,,22976.0,,,,0.5575817005789285,0.5575817005789285,2.0,3.7715212430934016e-05,2,2,51004,0.05,0.05,0.0,True,0.2,0.08,800,10,0.0,0.0,0.0,0.7149555683135986,C:/Users/efasllija/dev/gossip-poc/out_nb_incremental_clean0104/scenario_mixing_sensitivity_lite_refined/mix_0p05/permanent_fork_sth_proof_n8000_pg0p01_a0p1_ff0p05_s51004_drop0_pc0p05_pgc0p05,0.05
permanent_fork,sth_proof,8000,6.0,5.0,0.01,0.1,0.05,3.0,True,5.0,5.0,0.0,0.0,,,,,22980.0,,,,1.5692341372642025,1.5692341372642025,4.0,7.297405772247967e-05,4,4,51005,0.05,0.05,0.0,True,0.2,0.08,800,10,0.0,0.0,0.0,0.6826531887054443,C:/Users/efasllija/dev/gossip-poc/out_nb_incremental_clean0104/scenario_mixing_sensitivity_lite_refined/mix_0p05/permanent_fork_sth_proof_n8000_pg0p01_a0p1_ff0p05_s51005_drop0_pc0p05_pgc0p05,0.05
permanent_fork,sth_proof,8000,6.0,5.0,0.012,0.1,0.05,3.0,True,70.0,70.0,0.0,0.0,,,,,31816.0,,,,1.806054386865059,1.806054386865059,5.0,9.162207725573554e-05,5,5,51000,0.05,0.05,0.0,True,0.2,0.08,800,10,0.0,0.0,0.0,0.6847355365753174,C:/Users/efasllija/dev/gossip-poc/out_nb_incremental_clean0104/scenario_mixing_sensitivity_lite_refined/mix_0p05/permanent_fork_sth_proof_n8000_pg0p012_a0p1_ff0p05_s51000_drop0_pc0p05_pgc0p05,0.05
permanent_fork,sth_proof,8000,6.0,5.0,0.012,0.1,0.05,3.0,True,15.0,15.0,0.0,0.0,,,,,23089.0,,,,1.2973542187705673,1.2973542187705673,3.0,5.641324583012091e-05,3,3,51001,0.05,0.05,0.0,True,0.2,0.08,800,10,0.0,0.0,0.0,0.6998162269592285,C:/Users/efasllija/dev/gossip-poc/out_nb_incremental_clean0104/scenario_mixing_sensitivity_lite_refined/mix_0p05/permanent_fork_sth_proof_n8000_pg0p012_a0p1_ff0p05_s51001_drop0_pc0p05_pgc0p05,0.05
permanent_fork,sth_proof,8000,6.0,5.0,0.012,0.1,0.05,3.0,False,,,0.0,0.0,,,,,,,,,1.0353222432513198,1.0353222432513198,0.0,0.0,0,0,51002,0.05,0.05,0.0,True,0.2,0.08,800,10,0.0,0.0,0.0,0.6888532638549805,C:/Users/efasllija/dev/gossip-poc/out_nb_incremental_clean0104/scenario_mixing_sensitivity_lite_refined/mix_0p05/permanent_fork_sth_proof_n8000_pg0p012_a0p1_ff0p05_s51002_drop0_pc0p05_pgc0p05,0.05
permanent_fork,sth_proof,8000,6.0,5.0,0.012,0.1,0.05,3.0,True,25.0,25.0,0.0,0.0,,,,,24722.0,,,,1.554091705876926,1.554091705876926,3.0,5.535566011624689e-05,3,3,51003,0.05,0.05,0.0,True,0.2,0.08,800,10,0.0,0.0,0.0,0.6869466304779053,C:/Users/efasllija/dev/gossip-poc/out_nb_incremental_clean0104/scenario_mixing_sensitivity_lite_refined/mix_0p05/permanent_fork_sth_proof_n8000_pg0p012_a0p1_ff0p05_s51003_drop0_pc0p05_pgc0p05,0.05
permanent_fork,sth_proof,8000,6.0,5.0,0.012,0.1,0.05,3.0,True,10.0,10.0,0.0,0.0,,,,,22976.0,,,,0.5744781157479869,0.5744781157479869,2.0,3.7715212430934016e-05,2,2,51004,0.05,0.05,0.0,True,0.2,0.08,800,10,0.0,0.0,0.0,0.707766056060791,C:/Users/efasllija/dev/gossip-poc/out_nb_incremental_clean0104/scenario_mixing_sensitivity_lite_refined/mix_0p05/permanent_fork_sth_proof_n8000_pg0p012_a0p1_ff0p05_s51004_drop0_pc0p05_pgc0p05,0.05
permanent_fork,sth_proof,8000,6.0,5.0,0.012,0.1,0.05,3.0,True,5.0,5.0,0.0,0.0,,,,,22980.0,,,,1.585580326194038,1.585580326194038,4.0,7.297405772247967e-05,4,4,51005,0.05,0.05,0.0,True,0.2,0.08,800,10,0.0,0.0,0.0,0.709536075592041,C:/Users/efasllija/dev/gossip-poc/out_nb_incremental_clean0104/scenario_mixing_sensitivity_lite_refined/mix_0p05/permanent_fork_sth_proof_n8000_pg0p012_a0p1_ff0p05_s51005_drop0_pc0p05_pgc0p05,0.05
permanent_fork,sth_proof,8000,6.0,5.0,0.015,0.1,0.05,3.0,True,70.0,70.0,0.0,0.0,,,,,31816.0,,,,2.003078501795793,2.003078501795793,5.0,9.162207725573554e-05,5,5,51000,0.05,0.05,0.0,True,0.2,0.08,800,10,0.0,0.0,0.0,0.758967399597168,C:/Users/efasllija/dev/gossip-poc/out_nb_incremental_clean0104/scenario_mixing_sensitivity_lite_refined/mix_0p05/permanent_fork_sth_proof_n8000_pg0p015_a0p1_ff0p05_s51000_drop0_pc0p05_pgc0p05,0.05
permanent_fork,sth_proof,8000,6.0,5.0,0.015,0.1,0.05,3.0,True,15.0,15.0,0.0,0.0,,,,,23089.0,,,,1.6174805844412268,1.6174805844412268,3.0,5.641324583012091e-05,3,3,51001,0.05,0.05,0.0,True,0.2,0.08,800,10,0.0,0.0,0.0,0.697105884552002,C:/Users/efasllija/dev/gossip-poc/out_nb_incremental_clean0104/scenario_mixing_sensitivity_lite_refined/mix_0p05/permanent_fork_sth_proof_n8000_pg0p015_a0p1_ff0p05_s51001_drop0_pc0p05_pgc0p05,0.05
permanent_fork,sth_proof,8000,6.0,5.0,0.015,0.1,0.05,3.0,False,,,0.0,0.0,,,,,,,,,1.7136368164159776,1.7136368164159776,0.0,0.0,0,0,51002,0.05,0.05,0.0,True,0.2,0.08,800,10,0.0,0.0,0.0,0.6940405368804932,C:/Users/efasllija/dev/gossip-poc/out_nb_incremental_clean0104/scenario_mixing_sensitivity_lite_refined/mix_0p05/permanent_fork_sth_proof_n8000_pg0p015_a0p1_ff0p05_s51002_drop0_pc0p05_pgc0p05,0.05
permanent_fork,sth_proof,8000,6.0,5.0,0.015,0.1,0.05,3.0,True,25.0,25.0,0.0,0.0,,,,,24722.0,,,,1.851683734661869,1.851683734661869,3.0,5.535566011624689e-05,3,3,51003,0.05,0.05,0.0,True,0.2,0.08,800,10,0.0,0.0,0.0,0.6899869441986084,C:/Users/efasllija/dev/gossip-poc/out_nb_incremental_clean0104/scenario_mixing_sensitivity_lite_refined/mix_0p05/permanent_fork_sth_proof_n8000_pg0p015_a0p1_ff0p05_s51003_drop0_pc0p05_pgc0p05,0.05
permanent_fork,sth_proof,8000,6.0,5.0,0.015,0.1,0.05,3.0,True,10.0,10.0,0.0,0.0,,,,,22976.0,,,,1.1658526466650323,1.1658526466650323,4.0,7.543042486186803e-05,4,4,51004,0.05,0.05,0.0,True,0.2,0.08,800,10,0.0,0.0,0.0,0.702221155166626,C:/Users/efasllija/dev/gossip-poc/out_nb_incremental_clean0104/scenario_mixing_sensitivity_lite_refined/mix_0p05/permanent_fork_sth_proof_n8000_pg0p015_a0p1_ff0p05_s51004_drop0_pc0p05_pgc0p05,0.05
permanent_fork,sth_proof,8000,6.0,5.0,0.015,0.1,0.05,3.0,True,5.0,5.0,0.0,0.0,,,,,22980.0,,,,1.7980807822818987,1.7980807822818987,4.0,7.297405772247967e-05,4,4,51005,0.05,0.05,0.0,True,0.2,0.08,800,10,0.0,0.0,0.0,0.6886274814605713,C:/Users/efasllija/dev/gossip-poc/out_nb_incremental_clean0104/scenario_mixing_sensitivity_lite_refined/mix_0p05/permanent_fork_sth_proof_n8000_pg0p015_a0p1_ff0p05_s51005_drop0_pc0p05_pgc0p05,0.05
permanent_fork,sth_proof,8000,6.0,5.0,0.02,0.1,0.05,3.0,True,70.0,70.0,0.0,0.0,,,,,31816.0,,,,2.676244227809133,2.676244227809133,7.0,0.00012827090815802975,7,7,51000,0.05,0.05,0.0,True,0.2,0.08,800,10,0.0,0.0,0.0,0.6884541511535645,C:/Users/efasllija/dev/gossip-poc/out_nb_incremental_clean0104/scenario_mixing_sensitivity_lite_refined/mix_0p05/permanent_fork_sth_proof_n8000_pg0p02_a0p1_ff0p05_s51000_drop0_pc0p05_pgc0p05,0.05
permanent_fork,sth_proof,8000,6.0,5.0,0.02,0.1,0.05,3.0,True,15.0,15.0,0.0,0.0,,,,,23089.0,,,,2.0386994866394628,2.0386994866394628,3.0,5.641324583012091e-05,3,3,51001,0.05,0.05,0.0,True,0.2,0.08,800,10,0.0,0.0,0.0,0.683863639831543,C:/Users/efasllija/dev/gossip-poc/out_nb_incremental_clean0104/scenario_mixing_sensitivity_lite_refined/mix_0p05/permanent_fork_sth_proof_n8000_pg0p02_a0p1_ff0p05_s51001_drop0_pc0p05_pgc0p05,0.05
permanent_fork,sth_proof,8000,6.0,5.0,0.02,0.1,0.05,3.0,True,125.0,125.0,0.0,0.0,,,,,39093.0,,,,2.5883056081283,2.5883056081283,1.0,1.9922303018228907e-05,1,1,51002,0.05,0.05,0.0,True,0.2,0.08,800,10,0.0,0.0,0.0,0.7031047344207764,C:/Users/efasllija/dev/gossip-poc/out_nb_incremental_clean0104/scenario_mixing_sensitivity_lite_refined/mix_0p05/permanent_fork_sth_proof_n8000_pg0p02_a0p1_ff0p05_s51002_drop0_pc0p05_pgc0p05,0.05
permanent_fork,sth_proof,8000,6.0,5.0,0.02,0.1,0.05,3.0,True,25.0,25.0,0.0,0.0,,,,,24722.0,,,,2.0335455300304455,2.0335455300304455,4.0,7.380754682166251e-05,4,4,51003,0.05,0.05,0.0,True,0.2,0.08,800,10,0.0,0.0,0.0,0.6967527866363525,C:/Users/efasllija/dev/gossip-poc/out_nb_incremental_clean0104/scenario_mixing_sensitivity_lite_refined/mix_0p05/permanent_fork_sth_proof_n8000_pg0p02_a0p1_ff0p05_s51003_drop0_pc0p05_pgc0p05,0.05
permanent_fork,sth_proof,8000,6.0,5.0,0.02,0.1,0.05,3.0,True,10.0,10.0,0.0,0.0,,,,,22976.0,,,,1.267231137679383,1.267231137679383,5.0,9.428803107733504e-05,5,5,51004,0.05,0.05,0.0,True,0.2,0.08,800,10,0.0,0.0,0.0,0.7235262393951416,C:/Users/efasllija/dev/gossip-poc/out_nb_incremental_clean0104/scenario_mixing_sensitivity_lite_refined/mix_0p05/permanent_fork_sth_proof_n8000_pg0p02_a0p1_ff0p05_s51004_drop0_pc0p05_pgc0p05,0.05
permanent_fork,sth_proof,8000,6.0,5.0,0.02,0.1,0.05,3.0,True,5.0,5.0,0.0,0.0,,,,,22980.0,,,,2.533659284124494,2.533659284124494,5.0,9.121757215309957e-05,5,5,51005,0.05,0.05,0.0,True,0.2,0.08,800,10,0.0,0.0,0.0,0.6937906742095947,C:/Users/efasllija/dev/gossip-poc/out_nb_incremental_clean0104/scenario_mixing_sensitivity_lite_refined/mix_0p05/permanent_fork_sth_proof_n8000_pg0p02_a0p1_ff0p05_s51005_drop0_pc0p05_pgc0p05,0.05
permanent_fork,sth_proof,8000,6.0,5.0,0.004,0.2,0.05,3.0,True,25.0,25.0,0.0,0.0,,,,,25495.0,,,,0.6583031794721085,0.6583031794721085,4.0,7.347133699465496e-05,4,4,51000,0.05,0.05,0.0,True,0.2,0.08,800,10,0.0,0.0,0.0,0.6878511905670166,C:/Users/efasllija/dev/gossip-poc/out_nb_incremental_clean0104/scenario_mixing_sensitivity_lite_refined/mix_0p05/permanent_fork_sth_proof_n8000_pg0p004_a0p2_ff0p05_s51000_drop0_pc0p05_pgc0p05,0.05
permanent_fork,sth_proof,8000,6.0,5.0,0.004,0.2,0.05,3.0,True,175.0,175.0,0.0,0.0,,,,,53736.0,,,,0.6336161977073098,0.6336161977073098,1.0,1.8609498287926157e-05,1,1,51001,0.05,0.05,0.0,True,0.2,0.08,800,10,0.0,0.0,0.0,0.7372171878814697,C:/Users/efasllija/dev/gossip-poc/out_nb_incremental_clean0104/scenario_mixing_sensitivity_lite_refined/mix_0p05/permanent_fork_sth_proof_n8000_pg0p004_a0p2_ff0p05_s51001_drop0_pc0p05_pgc0p05,0.05
permanent_fork,sth_proof,8000,6.0,5.0,0.004,0.2,0.05,3.0,True,170.0,170.0,0.0,0.0,,,,,49675.0,,,,0.8644391502096911,0.8644391502096911,1.0,1.9689302801787788e-05,1,1,51002,0.05,0.05,0.0,True,0.2,0.08,800,10,0.0,0.0,0.0,0.7385826110839844,C:/Users/efasllija/dev/gossip-poc/out_nb_incremental_clean0104/scenario_mixing_sensitivity_lite_refined/mix_0p05/permanent_fork_sth_proof_n8000_pg0p004_a0p2_ff0p05_s51002_drop0_pc0p05_pgc0p05,0.05
permanent_fork,sth_proof,8000,6.0,5.0,0.004,0.2,0.05,3.0,False,,,0.0,0.0,,,,,,,,,0.7034893275147442,0.7034893275147442,0.0,0.0,0,0,51003,0.05,0.05,0.0,True,0.2,0.08,800,10,0.0,0.0,0.0,0.6930844783782959,C:/Users/efasllija/dev/gossip-poc/out_nb_incremental_clean0104/scenario_mixing_sensitivity_lite_refined/mix_0p05/permanent_fork_sth_proof_n8000_pg0p004_a0p2_ff0p05_s51003_drop0_pc0p05_pgc0p05,0.05
permanent_fork,sth_proof,8000,6.0,5.0,0.004,0.2,0.05,3.0,True,80.0,80.0,0.0,0.0,,,,,32967.0,,,,0.8994478835536223,0.8994478835536223,3.0,5.576933801795773e-05,3,3,51004,0.05,0.05,0.0,True,0.2,0.08,800,10,0.0,0.0,0.0,0.7211868762969971,C:/Users/efasllija/dev/gossip-poc/out_nb_incremental_clean0104/scenario_mixing_sensitivity_lite_refined/mix_0p05/permanent_fork_sth_proof_n8000_pg0p004_a0p2_ff0p05_s51004_drop0_pc0p05_pgc0p05,0.05
permanent_fork,sth_proof,8000,6.0,5.0,0.004,0.2,0.05,3.0,True,125.0,125.0,0.0,0.0,,,,,41590.0,,,,1.462748590086079,1.462748590086079,5.0,9.275749480558029e-05,5,5,51005,0.05,0.05,0.0,True,0.2,0.08,800,10,0.0,0.0,0.0,0.701331615447998,C:/Users/efasllija/dev/gossip-poc/out_nb_incremental_clean0104/scenario_mixing_sensitivity_lite_refined/mix_0p05/permanent_fork_sth_proof_n8000_pg0p004_a0p2_ff0p05_s51005_drop0_pc0p05_pgc0p05,0.05
permanent_fork,sth_proof,8000,6.0,5.0,0.005,0.2,0.05,3.0,True,25.0,25.0,0.0,0.0,,,,,25495.0,,,,0.7570486563929247,0.7570486563929247,4.0,7.347133699465496e-05,4,4,51000,0.05,0.05,0.0,True,0.2,0.08,800,10,0.0,0.0,0.0,0.6931052207946777,C:/Users/efasllija/dev/gossip-poc/out_nb_incremental_clean0104/scenario_mixing_sensitivity_lite_refined/mix_0p05/permanent_fork_sth_proof_n8000_pg0p005_a0p2_ff0p05_s51000_drop0_pc0p05_pgc0p05,0.05
permanent_fork,sth_proof,8000,6.0,5.0,0.005,0.2,0.05,3.0,True,175.0,175.0,0.0,0.0,,,,,53736.0,,,,0.7836831919011463,0.7836831919011463,1.0,1.8609498287926157e-05,1,1,51001,0.05,0.05,0.0,True,0.2,0.08,800,10,0.0,0.0,0.0,0.7132258415222168,C:/Users/efasllija/dev/gossip-poc/out_nb_incremental_clean0104/scenario_mixing_sensitivity_lite_refined/mix_0p05/permanent_fork_sth_proof_n8000_pg0p005_a0p2_ff0p05_s51001_drop0_pc0p05_pgc0p05,0.05
permanent_fork,sth_proof,8000,6.0,5.0,0.005,0.2,0.05,3.0,True,170.0,170.0,0.0,0.0,,,,,49675.0,,,,1.0761385339345133,1.0761385339345133,1.0,1.9689302801787788e-05,1,1,51002,0.05,0.05,0.0,True,0.2,0.08,800,10,0.0,0.0,0.0,0.6839118003845215,C:/Users/efasllija/dev/gossip-poc/out_nb_incremental_clean0104/scenario_mixing_sensitivity_lite_refined/mix_0p05/permanent_fork_sth_proof_n8000_pg0p005_a0p2_ff0p05_s51002_drop0_pc0p05_pgc0p05,0.05
permanent_fork,sth_proof,8000,6.0,5.0,0.005,0.2,0.05,3.0,False,,,0.0,0.0,,,,,,,,,0.7198495444336919,0.7198495444336919,0.0,0.0,0,0,51003,0.05,0.05,0.0,True,0.2,0.08,800,10,0.0,0.0,0.0,0.6982254981994629,C:/Users/efasllija/dev/gossip-poc/out_nb_incremental_clean0104/scenario_mixing_sensitivity_lite_refined/mix_0p05/permanent_fork_sth_proof_n8000_pg0p005_a0p2_ff0p05_s51003_drop0_pc0p05_pgc0p05,0.05
permanent_fork,sth_proof,8000,6.0,5.0,0.005,0.2,0.05,3.0,True,80.0,80.0,0.0,0.0,,,,,32967.0,,,,1.1492945178740728,1.1492945178740728,3.0,5.576933801795773e-05,3,3,51004,0.05,0.05,0.0,True,0.2,0.08,800,10,0.0,0.0,0.0,0.67006516456604,C:/Users/efasllija/dev/gossip-poc/out_nb_incremental_clean0104/scenario_mixing_sensitivity_lite_refined/mix_0p05/permanent_fork_sth_proof_n8000_pg0p005_a0p2_ff0p05_s51004_drop0_pc0p05_pgc0p05,0.05
permanent_fork,sth_proof,8000,6.0,5.0,0.005,0.2,0.05,3.0,True,125.0,125.0,0.0,0.0,,,,,41590.0,,,,1.529237162362719,1.529237162362719,5.0,9.275749480558029e-05,5,5,51005,0.05,0.05,0.0,True,0.2,0.08,800,10,0.0,0.0,0.0,0.6792325973510742,C:/Users/efasllija/dev/gossip-poc/out_nb_incremental_clean0104/scenario_mixing_sensitivity_lite_refined/mix_0p05/permanent_fork_sth_proof_n8000_pg0p005_a0p2_ff0p05_s51005_drop0_pc0p05_pgc0p05,0.05
permanent_fork,sth_proof,8000,6.0,5.0,0.006,0.2,0.05,3.0,True,25.0,25.0,0.0,0.0,,,,,25495.0,,,,1.0697426666421763,1.0697426666421763,17.0,0.0003122531822272836,17,17,51000,0.05,0.05,0.0,True,0.2,0.08,800,10,0.0,0.0,0.0,0.6808443069458008,C:/Users/efasllija/dev/gossip-poc/out_nb_incremental_clean0104/scenario_mixing_sensitivity_lite_refined/mix_0p05/permanent_fork_sth_proof_n8000_pg0p006_a0p2_ff0p05_s51000_drop0_pc0p05_pgc0p05,0.05
permanent_fork,sth_proof,8000,6.0,5.0,0.006,0.2,0.05,3.0,True,175.0,175.0,0.0,0.0,,,,,53736.0,,,,0.9004019651630192,0.9004019651630192,1.0,1.8609498287926157e-05,1,1,51001,0.05,0.05,0.0,True,0.2,0.08,800,10,0.0,0.0,0.0,0.6837539672851562,C:/Users/efasllija/dev/gossip-poc/out_nb_incremental_clean0104/scenario_mixing_sensitivity_lite_refined/mix_0p05/permanent_fork_sth_proof_n8000_pg0p006_a0p2_ff0p05_s51001_drop0_pc0p05_pgc0p05,0.05
permanent_fork,sth_proof,8000,6.0,5.0,0.006,0.2,0.05,3.0,True,145.0,145.0,0.0,0.0,,,,,43703.0,,,,1.4113292248321487,1.4113292248321487,2.0,3.9378605603575576e-05,2,2,51002,0.05,0.05,0.0,True,0.2,0.08,800,10,0.0,0.0,0.0,0.6622750759124756,C:/Users/efasllija/dev/gossip-poc/out_nb_incremental_clean0104/scenario_mixing_sensitivity_lite_refined/mix_0p05/permanent_fork_sth_proof_n8000_pg0p006_a0p2_ff0p05_s51002_drop0_pc0p05_pgc0p05,0.05
permanent_fork,sth_proof,8000,6.0,5.0,0.006,0.2,0.05,3.0,False,,,0.0,0.0,,,,,,,,,0.785290412109482,0.785290412109482,0.0,0.0,0,0,51003,0.05,0.05,0.0,True,0.2,0.08,800,10,0.0,0.0,0.0,0.7131004333496094,C:/Users/efasllija/dev/gossip-poc/out_nb_incremental_clean0104/scenario_mixing_sensitivity_lite_refined/mix_0p05/permanent_fork_sth_proof_n8000_pg0p006_a0p2_ff0p05_s51003_drop0_pc0p05_pgc0p05,0.05
permanent_fork,sth_proof,8000,6.0,5.0,0.006,0.2,0.05,3.0,True,80.0,80.0,0.0,0.0,,,,,32967.0,,,,1.1492945178740728,1.1492945178740728,3.0,5.576933801795773e-05,3,3,51004,0.05,0.05,0.0,True,0.2,0.08,800,10,0.0,0.0,0.0,0.761406660079956,C:/Users/efasllija/dev/gossip-poc/out_nb_incremental_clean0104/scenario_mixing_sensitivity_lite_refined/mix_0p05/permanent_fork_sth_proof_n8000_pg0p006_a0p2_ff0p05_s51004_drop0_pc0p05_pgc0p05,0.05
permanent_fork,sth_proof,8000,6.0,5.0,0.006,0.2,0.05,3.0,True,125.0,125.0,0.0,0.0,,,,,41590.0,,,,1.8118135945384386,1.8118135945384386,5.0,9.275749480558029e-05,5,5,51005,0.05,0.05,0.0,True,0.2,0.08,800,10,0.0,0.0,0.0,0.7418413162231445,C:/Users/efasllija/dev/gossip-poc/out_nb_incremental_clean0104/scenario_mixing_sensitivity_lite_refined/mix_0p05/permanent_fork_sth_proof_n8000_pg0p006_a0p2_ff0p05_s51005_drop0_pc0p05_pgc0p05,0.05
permanent_fork,sth_proof,8000,6.0,5.0,0.007,0.2,0.05,3.0,True,25.0,25.0,0.0,0.0,,,,,25495.0,,,,1.2672336204838088,1.2672336204838088,17.0,0.0003122531822272836,17,17,51000,0.05,0.05,0.0,True,0.2,0.08,800,10,0.0,0.0,0.0,0.7081921100616455,C:/Users/efasllija/dev/gossip-poc/out_nb_incremental_clean0104/scenario_mixing_sensitivity_lite_refined/mix_0p05/permanent_fork_sth_proof_n8000_pg0p007_a0p2_ff0p05_s51000_drop0_pc0p05_pgc0p05,0.05
permanent_fork,sth_proof,8000,6.0,5.0,0.007,0.2,0.05,3.0,True,175.0,175.0,0.0,0.0,,,,,53736.0,,,,1.1505136221527468,1.1505136221527468,1.0,1.8609498287926157e-05,1,1,51001,0.05,0.05,0.0,True,0.2,0.08,800,10,0.0,0.0,0.0,0.6906976699829102,C:/Users/efasllija/dev/gossip-poc/out_nb_incremental_clean0104/scenario_mixing_sensitivity_lite_refined/mix_0p05/permanent_fork_sth_proof_n8000_pg0p007_a0p2_ff0p05_s51001_drop0_pc0p05_pgc0p05,0.05
permanent_fork,sth_proof,8000,6.0,5.0,0.007,0.2,0.05,3.0,True,145.0,145.0,0.0,0.0,,,,,43703.0,,,,1.4466124554529525,1.4466124554529525,2.0,3.9378605603575576e-05,2,2,51002,0.05,0.05,0.0,True,0.2,0.08,800,10,0.0,0.0,0.0,0.6723392009735107,C:/Users/efasllija/dev/gossip-poc/out_nb_incremental_clean0104/scenario_mixing_sensitivity_lite_refined/mix_0p05/permanent_fork_sth_proof_n8000_pg0p007_a0p2_ff0p05_s51002_drop0_pc0p05_pgc0p05,0.05
permanent_fork,sth_proof,8000,6.0,5.0,0.007,0.2,0.05,3.0,False,,,0.0,0.0,,,,,,,,,1.0470538828126426,1.0470538828126426,0.0,0.0,0,0,51003,0.05,0.05,0.0,True,0.2,0.08,800,10,0.0,0.0,0.0,0.6940531730651855,C:/Users/efasllija/dev/gossip-poc/out_nb_incremental_clean0104/scenario_mixing_sensitivity_lite_refined/mix_0p05/permanent_fork_sth_proof_n8000_pg0p007_a0p2_ff0p05_s51003_drop0_pc0p05_pgc0p05,0.05
permanent_fork,sth_proof,8000,6.0,5.0,0.007,0.2,0.05,3.0,True,80.0,80.0,0.0,0.0,,,,,32967.0,,,,1.4491104790586136,1.4491104790586136,3.0,5.576933801795773e-05,3,3,51004,0.05,0.05,0.0,True,0.2,0.08,800,10,0.0,0.0,0.0,0.6813576221466064,C:/Users/efasllija/dev/gossip-poc/out_nb_incremental_clean0104/scenario_mixing_sensitivity_lite_refined/mix_0p05/permanent_fork_sth_proof_n8000_pg0p007_a0p2_ff0p05_s51004_drop0_pc0p05_pgc0p05,0.05
permanent_fork,sth_proof,8000,6.0,5.0,0.007,0.2,0.05,3.0,True,70.0,70.0,0.0,0.0,,,,,31421.0,,,,2.0943900267141586,2.0943900267141586,6.0,0.00011130899376669635,6,6,51005,0.05,0.05,0.0,True,0.2,0.08,800,10,0.0,0.0,0.0,0.7030696868896484,C:/Users/efasllija/dev/gossip-poc/out_nb_incremental_clean0104/scenario_mixing_sensitivity_lite_refined/mix_0p05/permanent_fork_sth_proof_n8000_pg0p007_a0p2_ff0p05_s51005_drop0_pc0p05_pgc0p05,0.05
permanent_fork,sth_proof,8000,6.0,5.0,0.008,0.2,0.05,3.0,True,25.0,25.0,0.0,0.0,,,,,25495.0,,,,1.3495215179178224,1.3495215179178224,17.0,0.0003122531822272836,17,17,51000,0.05,0.05,0.0,True,0.2,0.08,800,10,0.0,0.0,0.0,0.7038793563842773,C:/Users/efasllija/dev/gossip-poc/out_nb_incremental_clean0104/scenario_mixing_sensitivity_lite_refined/mix_0p05/permanent_fork_sth_proof_n8000_pg0p008_a0p2_ff0p05_s51000_drop0_pc0p05_pgc0p05,0.05
permanent_fork,sth_proof,8000,6.0,5.0,0.008,0.2,0.05,3.0,True,175.0,175.0,0.0,0.0,,,,,53736.0,,,,1.3672770582105107,1.3672770582105107,1.0,1.8609498287926157e-05,1,1,51001,0.05,0.05,0.0,True,0.2,0.08,800,10,0.0,0.0,0.0,0.6999671459197998,C:/Users/efasllija/dev/gossip-poc/out_nb_incremental_clean0104/scenario_mixing_sensitivity_lite_refined/mix_0p05/permanent_fork_sth_proof_n8000_pg0p008_a0p2_ff0p05_s51001_drop0_pc0p05_pgc0p05,0.05
permanent_fork,sth_proof,8000,6.0,5.0,0.008,0.2,0.05,3.0,True,110.0,110.0,0.0,0.0,,,,,36487.0,,,,1.6759534544881767,1.6759534544881767,4.0,7.875721120715115e-05,4,4,51002,0.05,0.05,0.0,True,0.2,0.08,800,10,0.0,0.0,0.0,0.680417537689209,C:/Users/efasllija/dev/gossip-poc/out_nb_incremental_clean0104/scenario_mixing_sensitivity_lite_refined/mix_0p05/permanent_fork_sth_proof_n8000_pg0p008_a0p2_ff0p05_s51002_drop0_pc0p05_pgc0p05,0.05
permanent_fork,sth_proof,8000,6.0,5.0,0.008,0.2,0.05,3.0,True,120.0,120.0,0.0,0.0,,,,,40702.0,,,,1.2433764858400131,1.2433764858400131,1.0,1.825917066846824e-05,1,1,51003,0.05,0.05,0.0,True,0.2,0.08,800,10,0.0,0.0,0.0,0.7059195041656494,C:/Users/efasllija/dev/gossip-poc/out_nb_incremental_clean0104/scenario_mixing_sensitivity_lite_refined/mix_0p05/permanent_fork_sth_proof_n8000_pg0p008_a0p2_ff0p05_s51003_drop0_pc0p05_pgc0p05,0.05
permanent_fork,sth_proof,8000,6.0,5.0,0.008,0.2,0.05,3.0,True,80.0,80.0,0.0,0.0,,,,,32967.0,,,,1.6989571133790642,1.6989571133790642,4.0,7.435911735727697e-05,4,4,51004,0.05,0.05,0.0,True,0.2,0.08,800,10,0.0,0.0,0.0,0.7008945941925049,C:/Users/efasllija/dev/gossip-poc/out_nb_incremental_clean0104/scenario_mixing_sensitivity_lite_refined/mix_0p05/permanent_fork_sth_proof_n8000_pg0p008_a0p2_ff0p05_s51004_drop0_pc0p05_pgc0p05,0.05
permanent_fork,sth_proof,8000,6.0,5.0,0.008,0.2,0.05,3.0,True,70.0,70.0,0.0,0.0,,,,,31421.0,,,,2.1110121697833186,2.1110121697833186,6.0,0.00011130899376669635,6,6,51005,0.05,0.05,0.0,True,0.2,0.08,800,10,0.0,0.0,0.0,0.7310221195220947,C:/Users/efasllija/dev/gossip-poc/out_nb_incremental_clean0104/scenario_mixing_sensitivity_lite_refined/mix_0p05/permanent_fork_sth_proof_n8000_pg0p008_a0p2_ff0p05_s51005_drop0_pc0p05_pgc0p05,0.05
permanent_fork,sth_proof,8000,6.0,5.0,0.01,0.2,0.05,3.0,True,25.0,25.0,0.0,0.0,,,,,25495.0,,,,1.3988942563782305,1.3988942563782305,17.0,0.0003122531822272836,17,17,51000,0.05,0.05,0.0,True,0.2,0.08,800,10,0.0,0.0,0.0,0.7844932079315186,C:/Users/efasllija/dev/gossip-poc/out_nb_incremental_clean0104/scenario_mixing_sensitivity_lite_refined/mix_0p05/permanent_fork_sth_proof_n8000_pg0p01_a0p2_ff0p05_s51000_drop0_pc0p05_pgc0p05,0.05
permanent_fork,sth_proof,8000,6.0,5.0,0.01,0.2,0.05,3.0,True,95.0,95.0,0.0,0.0,,,,,35479.0,,,,2.0342414768497843,2.0342414768497843,3.0,5.582849486377847e-05,3,3,51001,0.05,0.05,0.0,True,0.2,0.08,800,10,0.0,0.0,0.0,0.7737929821014404,C:/Users/efasllija/dev/gossip-poc/out_nb_incremental_clean0104/scenario_mixing_sensitivity_lite_refined/mix_0p05/permanent_fork_sth_proof_n8000_pg0p01_a0p2_ff0p05_s51001_drop0_pc0p05_pgc0p05,0.05
permanent_fork,sth_proof,8000,6.0,5.0,0.01,0.2,0.05,3.0,True,110.0,110.0,0.0,0.0,,,,,36487.0,,,,2.0464273760066156,2.0464273760066156,4.0,7.875721120715115e-05,4,4,51002,0.05,0.05,0.0,True,0.2,0.08,800,10,0.0,0.0,0.0,0.799328088760376,C:/Users/efasllija/dev/gossip-poc/out_nb_incremental_clean0104/scenario_mixing_sensitivity_lite_refined/mix_0p05/permanent_fork_sth_proof_n8000_pg0p01_a0p2_ff0p05_s51002_drop0_pc0p05_pgc0p05,0.05
permanent_fork,sth_proof,8000,6.0,5.0,0.01,0.2,0.05,3.0,True,120.0,120.0,0.0,0.0,,,,,40702.0,,,,1.5215001734621214,1.5215001734621214,3.0,5.4777512005404715e-05,3,3,51003,0.05,0.05,0.0,True,0.2,0.08,800,10,0.0,0.0,0.0,0.733374834060669,C:/Users/efasllija/dev/gossip-poc/out_nb_incremental_clean0104/scenario_mixing_sensitivity_lite_refined/mix_0p05/permanent_fork_sth_proof_n8000_pg0p01_a0p2_ff0p05_s51003_drop0_pc0p05_pgc0p05,0.05
permanent_fork,sth_proof,8000,6.0,5.0,0.01,0.2,0.05,3.0,True,80.0,80.0,0.0,0.0,,,,,32967.0,,,,1.9488037476995148,1.9488037476995148,4.0,7.435911735727697e-05,4,4,51004,0.05,0.05,0.0,True,0.2,0.08,800,10,0.0,0.0,0.0,0.7212374210357666,C:/Users/efasllija/dev/gossip-poc/out_nb_incremental_clean0104/scenario_mixing_sensitivity_lite_refined/mix_0p05/permanent_fork_sth_proof_n8000_pg0p01_a0p2_ff0p05_s51004_drop0_pc0p05_pgc0p05,0.05
permanent_fork,sth_proof,8000,6.0,5.0,0.01,0.2,0.05,3.0,True,70.0,70.0,0.0,0.0,,,,,31421.0,,,,2.2439893143365985,2.2439893143365985,6.0,0.00011130899376669635,6,6,51005,0.05,0.05,0.0,True,0.2,0.08,800,10,0.0,0.0,0.0,0.7463033199310303,C:/Users/efasllija/dev/gossip-poc/out_nb_incremental_clean0104/scenario_mixing_sensitivity_lite_refined/mix_0p05/permanent_fork_sth_proof_n8000_pg0p01_a0p2_ff0p05_s51005_drop0_pc0p05_pgc0p05,0.05
permanent_fork,sth_proof,8000,6.0,5.0,0.012,0.2,0.05,3.0,True,25.0,25.0,0.0,0.0,,,,,25495.0,,,,1.6786731076538766,1.6786731076538766,18.0,0.0003306210164759473,18,18,51000,0.05,0.05,0.0,True,0.2,0.08,800,10,0.0,0.0,0.0,0.7759788036346436,C:/Users/efasllija/dev/gossip-poc/out_nb_incremental_clean0104/scenario_mixing_sensitivity_lite_refined/mix_0p05/permanent_fork_sth_proof_n8000_pg0p012_a0p2_ff0p05_s51000_drop0_pc0p05_pgc0p05,0.05
permanent_fork,sth_proof,8000,6.0,5.0,0.012,0.2,0.05,3.0,True,95.0,95.0,0.0,0.0,,,,,35479.0,,,,2.8512728896828943,2.8512728896828943,3.0,5.582849486377847e-05,3,3,51001,0.05,0.05,0.0,True,0.2,0.08,800,10,0.0,0.0,0.0,0.7718427181243896,C:/Users/efasllija/dev/gossip-poc/out_nb_incremental_clean0104/scenario_mixing_sensitivity_lite_refined/mix_0p05/permanent_fork_sth_proof_n8000_pg0p012_a0p2_ff0p05_s51001_drop0_pc0p05_pgc0p05,0.05
permanent_fork,sth_proof,8000,6.0,5.0,0.012,0.2,0.05,3.0,True,110.0,110.0,0.0,0.0,,,,,36487.0,,,,2.1699186831794286,2.1699186831794286,5.0,9.844651400893894e-05,5,5,51002,0.05,0.05,0.0,True,0.2,0.08,800,10,0.0,0.0,0.0,0.7046546936035156,C:/Users/efasllija/dev/gossip-poc/out_nb_incremental_clean0104/scenario_mixing_sensitivity_lite_refined/mix_0p05/permanent_fork_sth_proof_n8000_pg0p012_a0p2_ff0p05_s51002_drop0_pc0p05_pgc0p05,0.05
permanent_fork,sth_proof,8000,6.0,5.0,0.012,0.2,0.05,3.0,True,120.0,120.0,0.0,0.0,,,,,40702.0,,,,2.0777475487063377,2.0777475487063377,5.0,9.129585334234119e-05,5,5,51003,0.05,0.05,0.0,True,0.2,0.08,800,10,0.0,0.0,0.0,0.7270717620849609,C:/Users/efasllija/dev/gossip-poc/out_nb_incremental_clean0104/scenario_mixing_sensitivity_lite_refined/mix_0p05/permanent_fork_sth_proof_n8000_pg0p012_a0p2_ff0p05_s51003_drop0_pc0p05_pgc0p05,0.05
permanent_fork,sth_proof,8000,6.0,5.0,0.012,0.2,0.05,3.0,True,80.0,80.0,0.0,0.0,,,,,32967.0,,,,2.2486197088840556,2.2486197088840556,4.0,7.435911735727697e-05,4,4,51004,0.05,0.05,0.0,True,0.2,0.08,800,10,0.0,0.0,0.0,0.7508401870727539,C:/Users/efasllija/dev/gossip-poc/out_nb_incremental_clean0104/scenario_mixing_sensitivity_lite_refined/mix_0p05/permanent_fork_sth_proof_n8000_pg0p012_a0p2_ff0p05_s51004_drop0_pc0p05_pgc0p05,0.05
permanent_fork,sth_proof,8000,6.0,5.0,0.012,0.2,0.05,3.0,True,70.0,70.0,0.0,0.0,,,,,31421.0,,,,3.008607895517958,3.008607895517958,6.0,0.00011130899376669635,6,6,51005,0.05,0.05,0.0,True,0.2,0.08,800,10,0.0,0.0,0.0,0.7184514999389648,C:/Users/efasllija/dev/gossip-poc/out_nb_incremental_clean0104/scenario_mixing_sensitivity_lite_refined/mix_0p05/permanent_fork_sth_proof_n8000_pg0p012_a0p2_ff0p05_s51005_drop0_pc0p05_pgc0p05,0.05
permanent_fork,sth_proof,8000,6.0,5.0,0.015,0.2,0.05,3.0,True,0.0,0.0,0.0,0.0,,,,,22430.0,,,,2.616755138401631,2.616755138401631,21.0,0.00038572451922193855,21,21,51000,0.05,0.05,0.0,True,0.2,0.08,800,10,0.0,0.0,0.0,0.725006103515625,C:/Users/efasllija/dev/gossip-poc/out_nb_incremental_clean0104/scenario_mixing_sensitivity_lite_refined/mix_0p05/permanent_fork_sth_proof_n8000_pg0p015_a0p2_ff0p05_s51000_drop0_pc0p05_pgc0p05,0.05
permanent_fork,sth_proof,8000,6.0,5.0,0.015,0.2,0.05,3.0,True,95.0,95.0,0.0,0.0,,,,,35479.0,,,,3.4015185350602946,3.4015185350602946,4.0,7.443799315170463e-05,4,4,51001,0.05,0.05,0.0,True,0.2,0.08,800,10,0.0,0.0,0.0,0.8070762157440186,C:/Users/efasllija/dev/gossip-poc/out_nb_incremental_clean0104/scenario_mixing_sensitivity_lite_refined/mix_0p05/permanent_fork_sth_proof_n8000_pg0p015_a0p2_ff0p05_s51001_drop0_pc0p05_pgc0p05,0.05
permanent_fork,sth_proof,8000,6.0,5.0,0.015,0.2,0.05,3.0,True,110.0,110.0,0.0,0.0,,,,,36487.0,,,,2.875583295595503,2.875583295595503,7.0,0.00013782511961251453,7,7,51002,0.05,0.05,0.0,True,0.2,0.08,800,10,0.0,0.0,0.0,0.7096514701843262,C:/Users/efasllija/dev/gossip-poc/out_nb_incremental_clean0104/scenario_mixing_sensitivity_lite_refined/mix_0p05/permanent_fork_sth_proof_n8000_pg0p015_a0p2_ff0p05_s51002_drop0_pc0p05_pgc0p05,0.05
permanent_fork,sth_proof,8000,6.0,5.0,0.015,0.2,0.05,3.0,True,120.0,120.0,0.0,0.0,,,,,40702.0,,,,2.1922690671389704,2.1922690671389704,5.0,9.129585334234119e-05,5,5,51003,0.05,0.05,0.0,True,0.2,0.08,800,10,0.0,0.0,0.0,0.7759299278259277,C:/Users/efasllija/dev/gossip-poc/out_nb_incremental_clean0104/scenario_mixing_sensitivity_lite_refined/mix_0p05/permanent_fork_sth_proof_n8000_pg0p015_a0p2_ff0p05_s51003_drop0_pc0p05_pgc0p05,0.05
permanent_fork,sth_proof,8000,6.0,5.0,0.015,0.2,0.05,3.0,True,80.0,80.0,0.0,0.0,,,,,32967.0,,,,2.3152454780361755,2.3152454780361755,4.0,7.435911735727697e-05,4,4,51004,0.05,0.05,0.0,True,0.2,0.08,800,10,0.0,0.0,0.0,0.7487359046936035,C:/Users/efasllija/dev/gossip-poc/out_nb_incremental_clean0104/scenario_mixing_sensitivity_lite_refined/mix_0p05/permanent_fork_sth_proof_n8000_pg0p015_a0p2_ff0p05_s51004_drop0_pc0p05_pgc0p05,0.05
permanent_fork,sth_proof,8000,6.0,5.0,0.015,0.2,0.05,3.0,True,45.0,45.0,0.0,0.0,,,,,27540.0,,,,4.238646482635797,4.238646482635797,9.0,0.00016696349065004453,9,9,51005,0.05,0.05,0.0,True,0.2,0.08,800,10,0.0,0.0,0.0,0.6816103458404541,C:/Users/efasllija/dev/gossip-poc/out_nb_incremental_clean0104/scenario_mixing_sensitivity_lite_refined/mix_0p05/permanent_fork_sth_proof_n8000_pg0p015_a0p2_ff0p05_s51005_drop0_pc0p05_pgc0p05,0.05
permanent_fork,sth_proof,8000,6.0,5.0,0.02,0.2,0.05,3.0,True,0.0,0.0,0.0,0.0,,,,,22430.0,,,,3.258600738386937,3.258600738386937,23.0,0.000422460187719266,23,23,51000,0.05,0.05,0.0,True,0.2,0.08,800,10,0.0,0.0,0.0,0.6815280914306641,C:/Users/efasllija/dev/gossip-poc/out_nb_incremental_clean0104/scenario_mixing_sensitivity_lite_refined/mix_0p05/permanent_fork_sth_proof_n8000_pg0p02_a0p2_ff0p05_s51000_drop0_pc0p05_pgc0p05,0.05
permanent_fork,sth_proof,8000,6.0,5.0,0.02,0.2,0.05,3.0,True,45.0,45.0,0.0,0.0,,,,,27417.0,,,,4.101831174631532,4.101831174631532,6.0,0.00011165698972755694,6,6,51001,0.05,0.05,0.0,True,0.2,0.08,800,10,0.0,0.0,0.0,0.6815061569213867,C:/Users/efasllija/dev/gossip-poc/out_nb_incremental_clean0104/scenario_mixing_sensitivity_lite_refined/mix_0p05/permanent_fork_sth_proof_n8000_pg0p02_a0p2_ff0p05_s51001_drop0_pc0p05_pgc0p05,0.05
permanent_fork,sth_proof,8000,6.0,5.0,0.02,0.2,0.05,3.0,True,110.0,110.0,0.0,0.0,,,,,36487.0,,,,4.286912520427651,4.286912520427651,8.0,0.0001575144224143023,8,8,51002,0.05,0.05,0.0,True,0.2,0.08,800,10,0.0,0.0,0.0,0.6930699348449707,C:/Users/efasllija/dev/gossip-poc/out_nb_incremental_clean0104/scenario_mixing_sensitivity_lite_refined/mix_0p05/permanent_fork_sth_proof_n8000_pg0p02_a0p2_ff0p05_s51002_drop0_pc0p05_pgc0p05,0.05
permanent_fork,sth_proof,8000,6.0,5.0,0.02,0.2,0.05,3.0,True,120.0,120.0,0.0,0.0,,,,,40702.0,,,,3.108441214600033,3.108441214600033,7.0,0.00012781419467927766,7,7,51003,0.05,0.05,0.0,True,0.2,0.08,800,10,0.0,0.0,0.0,0.7068135738372803,C:/Users/efasllija/dev/gossip-poc/out_nb_incremental_clean0104/scenario_mixing_sensitivity_lite_refined/mix_0p05/permanent_fork_sth_proof_n8000_pg0p02_a0p2_ff0p05_s51003_drop0_pc0p05_pgc0p05,0.05
permanent_fork,sth_proof,8000,6.0,5.0,0.02,0.2,0.05,3.0,True,80.0,80.0,0.0,0.0,,,,,32967.0,,,,2.781625862101017,2.781625862101017,6.0,0.00011153867603591545,6,6,51004,0.05,0.05,0.0,True,0.2,0.08,800,10,0.0,0.0,0.0,0.6905174255371094,C:/Users/efasllija/dev/gossip-poc/out_nb_incremental_clean0104/scenario_mixing_sensitivity_lite_refined/mix_0p05/permanent_fork_sth_proof_n8000_pg0p02_a0p2_ff0p05_s51004_drop0_pc0p05_pgc0p05,0.05
permanent_fork,sth_proof,8000,6.0,5.0,0.02,0.2,0.05,3.0,True,45.0,45.0,0.0,0.0,,,,,27540.0,,,,4.986642920747997,4.986642920747997,18.0,0.00033392698130008905,18,18,51005,0.05,0.05,0.0,True,0.2,0.08,800,10,0.0,0.0,0.0,0.6780848503112793,C:/Users/efasllija/dev/gossip-poc/out_nb_incremental_clean0104/scenario_mixing_sensitivity_lite_refined/mix_0p05/permanent_fork_sth_proof_n8000_pg0p02_a0p2_ff0p05_s51005_drop0_pc0p05_pgc0p05,0.05
permanent_fork,sth_proof,8000,6.0,5.0,0.004,0.3,0.05,3.0,True,20.0,20.0,0.0,0.0,,,,,24861.0,,,,1.886108619648185,1.886108619648185,3.0,5.491387673665135e-05,3,3,51000,0.05,0.05,0.0,True,0.2,0.08,800,10,0.0,0.0,0.0,0.7132785320281982,C:/Users/efasllija/dev/gossip-poc/out_nb_incremental_clean0104/scenario_mixing_sensitivity_lite_refined/mix_0p05/permanent_fork_sth_proof_n8000_pg0p004_a0p3_ff0p05_s51000_drop0_pc0p05_pgc0p05,0.05
permanent_fork,sth_proof,8000,6.0,5.0,0.004,0.3,0.05,3.0,False,,,0.0,0.0,,,,,,,,,1.2378463146889702,1.2378463146889702,0.0,0.0,0,0,51001,0.05,0.05,0.0,True,0.2,0.08,800,10,0.0,0.0,0.0,0.7112202644348145,C:/Users/efasllija/dev/gossip-poc/out_nb_incremental_clean0104/scenario_mixing_sensitivity_lite_refined/mix_0p05/permanent_fork_sth_proof_n8000_pg0p004_a0p3_ff0p05_s51001_drop0_pc0p05_pgc0p05,0.05
permanent_fork,sth_proof,8000,6.0,5.0,0.004,0.3,0.05,3.0,True,120.0,120.0,0.0,0.0,,,,,37965.0,,,,1.2217698905181613,1.2217698905181613,2.0,3.952412948104818e-05,2,2,51002,0.05,0.05,0.0,True,0.2,0.08,800,10,0.0,0.0,0.0,0.6796708106994629,C:/Users/efasllija/dev/gossip-poc/out_nb_incremental_clean0104/scenario_mixing_sensitivity_lite_refined/mix_0p05/permanent_fork_sth_proof_n8000_pg0p004_a0p3_ff0p05_s51002_drop0_pc0p05_pgc0p05,0.05
permanent_fork,sth_proof,8000,6.0,5.0,0.004,0.3,0.05,3.0,True,15.0,15.0,0.0,0.0,,,,,23516.0,,,,1.561033472958446,1.561033472958446,4.0,7.413722800904474e-05,4,4,51003,0.05,0.05,0.0,True,0.2,0.08,800,10,0.0,0.0,0.0,0.6954314708709717,C:/Users/efasllija/dev/gossip-poc/out_nb_incremental_clean0104/scenario_mixing_sensitivity_lite_refined/mix_0p05/permanent_fork_sth_proof_n8000_pg0p004_a0p3_ff0p05_s51003_drop0_pc0p05_pgc0p05,0.05
permanent_fork,sth_proof,8000,6.0,5.0,0.004,0.3,0.05,3.0,True,170.0,170.0,0.0,0.0,,,,,52350.0,,,,0.9331076934521042,0.9331076934521042,2.0,3.719338701578859e-05,2,2,51004,0.05,0.05,0.0,True,0.2,0.08,800,10,0.0,0.0,0.0,0.6994094848632812,C:/Users/efasllija/dev/gossip-poc/out_nb_incremental_clean0104/scenario_mixing_sensitivity_lite_refined/mix_0p05/permanent_fork_sth_proof_n8000_pg0p004_a0p3_ff0p05_s51004_drop0_pc0p05_pgc0p05,0.05
permanent_fork,sth_proof,8000,6.0,5.0,0.004,0.3,0.05,3.0,True,145.0,145.0,0.0,0.0,,,,,46604.0,,,,0.8622080757985121,0.8622080757985121,1.0,1.8505496132351307e-05,1,1,51005,0.05,0.05,0.0,True,0.2,0.08,800,10,0.0,0.0,0.0,0.6704878807067871,C:/Users/efasllija/dev/gossip-poc/out_nb_incremental_clean0104/scenario_mixing_sensitivity_lite_refined/mix_0p05/permanent_fork_sth_proof_n8000_pg0p004_a0p3_ff0p05_s51005_drop0_pc0p05_pgc0p05,0.05
permanent_fork,sth_proof,8000,6.0,5.0,0.005,0.3,0.05,3.0,True,20.0,20.0,0.0,0.0,,,,,24861.0,,,,1.9681133422415844,1.9681133422415844,3.0,5.491387673665135e-05,3,3,51000,0.05,0.05,0.0,True,0.2,0.08,800,10,0.0,0.0,0.0,0.7095170021057129,C:/Users/efasllija/dev/gossip-poc/out_nb_incremental_clean0104/scenario_mixing_sensitivity_lite_refined/mix_0p05/permanent_fork_sth_proof_n8000_pg0p005_a0p3_ff0p05_s51000_drop0_pc0p05_pgc0p05,0.05
permanent_fork,sth_proof,8000,6.0,5.0,0.005,0.3,0.05,3.0,True,35.0,35.0,0.0,0.0,,,,,26306.0,,,,1.2713016204913747,1.2713016204913747,2.0,3.7338510940183704e-05,2,2,51001,0.05,0.05,0.0,True,0.2,0.08,800,10,0.0,0.0,0.0,0.7203769683837891,C:/Users/efasllija/dev/gossip-poc/out_nb_incremental_clean0104/scenario_mixing_sensitivity_lite_refined/mix_0p05/permanent_fork_sth_proof_n8000_pg0p005_a0p3_ff0p05_s51001_drop0_pc0p05_pgc0p05,0.05
permanent_fork,sth_proof,8000,6.0,5.0,0.005,0.3,0.05,3.0,True,120.0,120.0,0.0,0.0,,,,,37965.0,,,,1.4519584206157858,1.4519584206157858,2.0,3.952412948104818e-05,2,2,51002,0.05,0.05,0.0,True,0.2,0.08,800,10,0.0,0.0,0.0,0.6783168315887451,C:/Users/efasllija/dev/gossip-poc/out_nb_incremental_clean0104/scenario_mixing_sensitivity_lite_refined/mix_0p05/permanent_fork_sth_proof_n8000_pg0p005_a0p3_ff0p05_s51002_drop0_pc0p05_pgc0p05,0.05
permanent_fork,sth_proof,8000,6.0,5.0,0.005,0.3,0.05,3.0,True,15.0,15.0,0.0,0.0,,,,,23516.0,,,,1.6274604292545503,1.6274604292545503,4.0,7.413722800904474e-05,4,4,51003,0.05,0.05,0.0,True,0.2,0.08,800,10,0.0,0.0,0.0,0.7128922939300537,C:/Users/efasllija/dev/gossip-poc/out_nb_incremental_clean0104/scenario_mixing_sensitivity_lite_refined/mix_0p05/permanent_fork_sth_proof_n8000_pg0p005_a0p3_ff0p05_s51003_drop0_pc0p05_pgc0p05,0.05
permanent_fork,sth_proof,8000,6.0,5.0,0.005,0.3,0.05,3.0,True,170.0,170.0,0.0,0.0,,,,,52350.0,,,,0.983095605601324,0.983095605601324,2.0,3.719338701578859e-05,2,2,51004,0.05,0.05,0.0,True,0.2,0.08,800,10,0.0,0.0,0.0,0.6940662860870361,C:/Users/efasllija/dev/gossip-poc/out_nb_incremental_clean0104/scenario_mixing_sensitivity_lite_refined/mix_0p05/permanent_fork_sth_proof_n8000_pg0p005_a0p3_ff0p05_s51004_drop0_pc0p05_pgc0p05,0.05
permanent_fork,sth_proof,8000,6.0,5.0,0.005,0.3,0.05,3.0,True,90.0,90.0,0.0,0.0,,,,,35047.0,,,,1.5088641326473964,1.5088641326473964,4.0,7.402198452940523e-05,4,4,51005,0.05,0.05,0.0,True,0.2,0.08,800,10,0.0,0.0,0.0,0.6946280002593994,C:/Users/efasllija/dev/gossip-poc/out_nb_incremental_clean0104/scenario_mixing_sensitivity_lite_refined/mix_0p05/permanent_fork_sth_proof_n8000_pg0p005_a0p3_ff0p05_s51005_drop0_pc0p05_pgc0p05,0.05
permanent_fork,sth_proof,8000,6.0,5.0,0.006,0.3,0.05,3.0,True,20.0,20.0,0.0,0.0,,,,,24861.0,,,,2.1321227874283832,2.1321227874283832,3.0,5.491387673665135e-05,3,3,51000,0.05,0.05,0.0,True,0.2,0.08,800,10,0.0,0.0,0.0,0.6901171207427979,C:/Users/efasllija/dev/gossip-poc/out_nb_incremental_clean0104/scenario_mixing_sensitivity_lite_refined/mix_0p05/permanent_fork_sth_proof_n8000_pg0p006_a0p3_ff0p05_s51000_drop0_pc0p05_pgc0p05,0.05
permanent_fork,sth_proof,8000,6.0,5.0,0.006,0.3,0.05,3.0,True,35.0,35.0,0.0,0.0,,,,,26306.0,,,,1.6560376372190277,1.6560376372190277,2.0,3.7338510940183704e-05,2,2,51001,0.05,0.05,0.0,True,0.2,0.08,800,10,0.0,0.0,0.0,0.6840000152587891,C:/Users/efasllija/dev/gossip-poc/out_nb_incremental_clean0104/scenario_mixing_sensitivity_lite_refined/mix_0p05/permanent_fork_sth_proof_n8000_pg0p006_a0p3_ff0p05_s51001_drop0_pc0p05_pgc0p05,0.05
permanent_fork,sth_proof,8000,6.0,5.0,0.006,0.3,0.05,3.0,True,30.0,30.0,0.0,0.0,,,,,24045.0,,,,1.8060946207659776,1.8060946207659776,3.0,5.928619422157227e-05,3,3,51002,0.05,0.05,0.0,True,0.2,0.08,800,10,0.0,0.0,0.0,0.7406673431396484,C:/Users/efasllija/dev/gossip-poc/out_nb_incremental_clean0104/scenario_mixing_sensitivity_lite_refined/mix_0p05/permanent_fork_sth_proof_n8000_pg0p006_a0p3_ff0p05_s51002_drop0_pc0p05_pgc0p05,0.05
permanent_fork,sth_proof,8000,6.0,5.0,0.006,0.3,0.05,3.0,True,15.0,15.0,0.0,0.0,,,,,23516.0,,,,2.208696296845461,2.208696296845461,6.0,0.00011120584201356711,6,6,51003,0.05,0.05,0.0,True,0.2,0.08,800,10,0.0,0.0,0.0,0.7054977416992188,C:/Users/efasllija/dev/gossip-poc/out_nb_incremental_clean0104/scenario_mixing_sensitivity_lite_refined/mix_0p05/permanent_fork_sth_proof_n8000_pg0p006_a0p3_ff0p05_s51003_drop0_pc0p05_pgc0p05,0.05
permanent_fork,sth_proof,8000,6.0,5.0,0.006,0.3,0.05,3.0,True,90.0,90.0,0.0,0.0,,,,,35147.0,,,,1.4829747270935227,1.4829747270935227,3.0,5.579008052368289e-05,3,3,51004,0.05,0.05,0.0,True,0.2,0.08,800,10,0.0,0.0,0.0,0.6918001174926758,C:/Users/efasllija/dev/gossip-poc/out_nb_incremental_clean0104/scenario_mixing_sensitivity_lite_refined/mix_0p05/permanent_fork_sth_proof_n8000_pg0p006_a0p3_ff0p05_s51004_drop0_pc0p05_pgc0p05,0.05
permanent_fork,sth_proof,8000,6.0,5.0,0.006,0.3,0.05,3.0,True,90.0,90.0,0.0,0.0,,,,,35047.0,,,,1.6415115289240905,1.6415115289240905,4.0,7.402198452940523e-05,4,4,51005,0.05,0.05,0.0,True,0.2,0.08,800,10,0.0,0.0,0.0,0.6932291984558105,C:/Users/efasllija/dev/gossip-poc/out_nb_incremental_clean0104/scenario_mixing_sensitivity_lite_refined/mix_0p05/permanent_fork_sth_proof_n8000_pg0p006_a0p3_ff0p05_s51005_drop0_pc0p05_pgc0p05,0.05
permanent_fork,sth_proof,8000,6.0,5.0,0.007,0.3,0.05,3.0,True,20.0,20.0,0.0,0.0,,,,,24861.0,,,,2.296132232615182,2.296132232615182,4.0,7.321850231553513e-05,4,4,51000,0.05,0.05,0.0,True,0.2,0.08,800,10,0.0,0.0,0.0,0.6973311901092529,C:/Users/efasllija/dev/gossip-poc/out_nb_incremental_clean0104/scenario_mixing_sensitivity_lite_refined/mix_0p05/permanent_fork_sth_proof_n8000_pg0p007_a0p3_ff0p05_s51000_drop0_pc0p05_pgc0p05,0.05
permanent_fork,sth_proof,8000,6.0,5.0,0.007,0.3,0.05,3.0,True,35.0,35.0,0.0,0.0,,,,,26306.0,,,,1.9236800836382646,1.9236800836382646,2.0,3.7338510940183704e-05,2,2,51001,0.05,0.05,0.0,True,0.2,0.08,800,10,0.0,0.0,0.0,0.7255816459655762,C:/Users/efasllija/dev/gossip-poc/out_nb_incremental_clean0104/scenario_mixing_sensitivity_lite_refined/mix_0p05/permanent_fork_sth_proof_n8000_pg0p007_a0p3_ff0p05_s51001_drop0_pc0p05_pgc0p05,0.05
permanent_fork,sth_proof,8000,6.0,5.0,0.007,0.3,0.05,3.0,True,30.0,30.0,0.0,0.0,,,,,24045.0,,,,2.0716967708786216,2.0716967708786216,3.0,5.928619422157227e-05,3,3,51002,0.05,0.05,0.0,True,0.2,0.08,800,10,0.0,0.0,0.0,0.7067136764526367,C:/Users/efasllija/dev/gossip-poc/out_nb_incremental_clean0104/scenario_mixing_sensitivity_lite_refined/mix_0p05/permanent_fork_sth_proof_n8000_pg0p007_a0p3_ff0p05_s51002_drop0_pc0p05_pgc0p05,0.05
permanent_fork,sth_proof,8000,6.0,5.0,0.007,0.3,0.05,3.0,True,15.0,15.0,0.0,0.0,,,,,23516.0,,,,2.5906512955480596,2.5906512955480596,6.0,0.00011120584201356711,6,6,51003,0.05,0.05,0.0,True,0.2,0.08,800,10,0.0,0.0,0.0,0.7123212814331055,C:/Users/efasllija/dev/gossip-poc/out_nb_incremental_clean0104/scenario_mixing_sensitivity_lite_refined/mix_0p05/permanent_fork_sth_proof_n8000_pg0p007_a0p3_ff0p05_s51003_drop0_pc0p05_pgc0p05,0.05
permanent_fork,sth_proof,8000,6.0,5.0,0.007,0.3,0.05,3.0,True,90.0,90.0,0.0,0.0,,,,,35147.0,,,,1.5496252766258158,1.5496252766258158,3.0,5.579008052368289e-05,3,3,51004,0.05,0.05,0.0,True,0.2,0.08,800,10,0.0,0.0,0.0,0.7322432994842529,C:/Users/efasllija/dev/gossip-poc/out_nb_incremental_clean0104/scenario_mixing_sensitivity_lite_refined/mix_0p05/permanent_fork_sth_proof_n8000_pg0p007_a0p3_ff0p05_s51004_drop0_pc0p05_pgc0p05,0.05
permanent_fork,sth_proof,8000,6.0,5.0,0.007,0.3,0.05,3.0,True,90.0,90.0,0.0,0.0,,,,,35047.0,,,,1.8570635478737185,1.8570635478737185,4.0,7.402198452940523e-05,4,4,51005,0.05,0.05,0.0,True,0.2,0.08,800,10,0.0,0.0,0.0,0.7139008045196533,C:/Users/efasllija/dev/gossip-poc/out_nb_incremental_clean0104/scenario_mixing_sensitivity_lite_refined/mix_0p05/permanent_fork_sth_proof_n8000_pg0p007_a0p3_ff0p05_s51005_drop0_pc0p05_pgc0p05,0.05
permanent_fork,sth_proof,8000,6.0,5.0,0.008,0.3,0.05,3.0,True,20.0,20.0,0.0,0.0,,,,,24861.0,,,,2.410938844245941,2.410938844245941,4.0,7.321850231553513e-05,4,4,51000,0.05,0.05,0.0,True,0.2,0.08,800,10,0.0,0.0,0.0,0.6953208446502686,C:/Users/efasllija/dev/gossip-poc/out_nb_incremental_clean0104/scenario_mixing_sensitivity_lite_refined/mix_0p05/permanent_fork_sth_proof_n8000_pg0p008_a0p3_ff0p05_s51000_drop0_pc0p05_pgc0p05,0.05
permanent_fork,sth_proof,8000,6.0,5.0,0.008,0.3,0.05,3.0,True,35.0,35.0,0.0,0.0,,,,,26306.0,,,,2.0909566126502876,2.0909566126502876,4.0,7.467702188036741e-05,4,4,51001,0.05,0.05,0.0,True,0.2,0.08,800,10,0.0,0.0,0.0,0.6961016654968262,C:/Users/efasllija/dev/gossip-poc/out_nb_incremental_clean0104/scenario_mixing_sensitivity_lite_refined/mix_0p05/permanent_fork_sth_proof_n8000_pg0p008_a0p3_ff0p05_s51001_drop0_pc0p05_pgc0p05,0.05
permanent_fork,sth_proof,8000,6.0,5.0,0.008,0.3,0.05,3.0,True,30.0,30.0,0.0,0.0,,,,,24045.0,,,,2.4435397810363226,2.4435397810363226,3.0,5.928619422157227e-05,3,3,51002,0.05,0.05,0.0,True,0.2,0.08,800,10,0.0,0.0,0.0,0.6936111450195312,C:/Users/efasllija/dev/gossip-poc/out_nb_incremental_clean0104/scenario_mixing_sensitivity_lite_refined/mix_0p05/permanent_fork_sth_proof_n8000_pg0p008_a0p3_ff0p05_s51002_drop0_pc0p05_pgc0p05,0.05
permanent_fork,sth_proof,8000,6.0,5.0,0.008,0.3,0.05,3.0,True,0.0,0.0,0.0,0.0,,,,,21697.0,,,,3.3213478148052045,3.3213478148052045,8.0,0.00014827445601808947,8,8,51003,0.05,0.05,0.0,True,0.2,0.08,800,10,0.0,0.0,0.0,0.6998538970947266,C:/Users/efasllija/dev/gossip-poc/out_nb_incremental_clean0104/scenario_mixing_sensitivity_lite_refined/mix_0p05/permanent_fork_sth_proof_n8000_pg0p008_a0p3_ff0p05_s51003_drop0_pc0p05_pgc0p05,0.05
permanent_fork,sth_proof,8000,6.0,5.0,0.008,0.3,0.05,3.0,True,90.0,90.0,0.0,0.0,,,,,35147.0,,,,1.5662879140088892,1.5662879140088892,3.0,5.579008052368289e-05,3,3,51004,0.05,0.05,0.0,True,0.2,0.08,800,10,0.0,0.0,0.0,0.6892011165618896,C:/Users/efasllija/dev/gossip-poc/out_nb_incremental_clean0104/scenario_mixing_sensitivity_lite_refined/mix_0p05/permanent_fork_sth_proof_n8000_pg0p008_a0p3_ff0p05_s51004_drop0_pc0p05_pgc0p05,0.05
permanent_fork,sth_proof,8000,6.0,5.0,0.008,0.3,0.05,3.0,True,90.0,90.0,0.0,0.0,,,,,35047.0,,,,1.9565490950812392,1.9565490950812392,5.0,9.252748066175655e-05,5,5,51005,0.05,0.05,0.0,True,0.2,0.08,800,10,0.0,0.0,0.0,0.6777527332305908,C:/Users/efasllija/dev/gossip-poc/out_nb_incremental_clean0104/scenario_mixing_sensitivity_lite_refined/mix_0p05/permanent_fork_sth_proof_n8000_pg0p008_a0p3_ff0p05_s51005_drop0_pc0p05_pgc0p05,0.05
permanent_fork,sth_proof,8000,6.0,5.0,0.01,0.3,0.05,3.0,True,20.0,20.0,0.0,0.0,,,,,24861.0,,,,2.788160568175578,2.788160568175578,5.0,9.152312789441892e-05,5,5,51000,0.05,0.05,0.0,True,0.2,0.08,800,10,0.0,0.0,0.0,0.7166986465454102,C:/Users/efasllija/dev/gossip-poc/out_nb_incremental_clean0104/scenario_mixing_sensitivity_lite_refined/mix_0p05/permanent_fork_sth_proof_n8000_pg0p01_a0p3_ff0p05_s51000_drop0_pc0p05_pgc0p05,0.05
permanent_fork,sth_proof,8000,6.0,5.0,0.01,0.3,0.05,3.0,True,35.0,35.0,0.0,0.0,,,,,26306.0,,,,2.3753267119707266,2.3753267119707266,5.0,9.334627735045926e-05,5,5,51001,0.05,0.05,0.0,True,0.2,0.08,800,10,0.0,0.0,0.0,0.7715089321136475,C:/Users/efasllija/dev/gossip-poc/out_nb_incremental_clean0104/scenario_mixing_sensitivity_lite_refined/mix_0p05/permanent_fork_sth_proof_n8000_pg0p01_a0p3_ff0p05_s51001_drop0_pc0p05_pgc0p05,0.05
permanent_fork,sth_proof,8000,6.0,5.0,0.01,0.3,0.05,3.0,True,30.0,30.0,0.0,0.0,,,,,24045.0,,,,3.063278131299158,3.063278131299158,5.0,9.881032370262045e-05,5,5,51002,0.05,0.05,0.0,True,0.2,0.08,800,10,0.0,0.0,0.0,0.7887217998504639,C:/Users/efasllija/dev/gossip-poc/out_nb_incremental_clean0104/scenario_mixing_sensitivity_lite_refined/mix_0p05/permanent_fork_sth_proof_n8000_pg0p01_a0p3_ff0p05_s51002_drop0_pc0p05_pgc0p05,0.05
permanent_fork,sth_proof,8000,6.0,5.0,0.01,0.3,0.05,3.0,True,0.0,0.0,0.0,0.0,,,,,21697.0,,,,3.8195499870259852,3.8195499870259852,9.0,0.00016680876302035066,9,9,51003,0.05,0.05,0.0,True,0.2,0.08,800,10,0.0,0.0,0.0,0.7540504932403564,C:/Users/efasllija/dev/gossip-poc/out_nb_incremental_clean0104/scenario_mixing_sensitivity_lite_refined/mix_0p05/permanent_fork_sth_proof_n8000_pg0p01_a0p3_ff0p05_s51003_drop0_pc0p05_pgc0p05,0.05
permanent_fork,sth_proof,8000,6.0,5.0,0.01,0.3,0.05,3.0,True,90.0,90.0,0.0,0.0,,,,,35147.0,,,,2.299443958864114,2.299443958864114,4.0,7.438677403157718e-05,4,4,51004,0.05,0.05,0.0,True,0.2,0.08,800,10,0.0,0.0,0.0,0.7541923522949219,C:/Users/efasllija/dev/gossip-poc/out_nb_incremental_clean0104/scenario_mixing_sensitivity_lite_refined/mix_0p05/permanent_fork_sth_proof_n8000_pg0p01_a0p3_ff0p05_s51004_drop0_pc0p05_pgc0p05,0.05
permanent_fork,sth_proof,8000,6.0,5.0,0.01,0.3,0.05,3.0,True,5.0,5.0,0.0,0.0,,,,,22916.0,,,,2.686109774603057,2.686109774603057,7.0,0.00012953847292645915,7,7,51005,0.05,0.05,0.0,True,0.2,0.08,800,10,0.0,0.0,0.0,0.7609286308288574,C:/Users/efasllija/dev/gossip-poc/out_nb_incremental_clean0104/scenario_mixing_sensitivity_lite_refined/mix_0p05/permanent_fork_sth_proof_n8000_pg0p01_a0p3_ff0p05_s51005_drop0_pc0p05_pgc0p05,0.05
permanent_fork,sth_proof,8000,6.0,5.0,0.012,0.3,0.05,3.0,True,20.0,20.0,0.0,0.0,,,,,24861.0,,,,3.329391737292014,3.329391737292014,6.0,0.0001098277534733027,6,6,51000,0.05,0.05,0.0,True,0.2,0.08,800,10,0.0,0.0,0.0,0.7378487586975098,C:/Users/efasllija/dev/gossip-poc/out_nb_incremental_clean0104/scenario_mixing_sensitivity_lite_refined/mix_0p05/permanent_fork_sth_proof_n8000_pg0p012_a0p3_ff0p05_s51000_drop0_pc0p05_pgc0p05,0.05
permanent_fork,sth_proof,8000,6.0,5.0,0.012,0.3,0.05,3.0,True,35.0,35.0,0.0,0.0,,,,,26306.0,,,,3.0444328280188184,3.0444328280188184,5.0,9.334627735045926e-05,5,5,51001,0.05,0.05,0.0,True,0.2,0.08,800,10,0.0,0.0,0.0,0.7217845916748047,C:/Users/efasllija/dev/gossip-poc/out_nb_incremental_clean0104/scenario_mixing_sensitivity_lite_refined/mix_0p05/permanent_fork_sth_proof_n8000_pg0p012_a0p3_ff0p05_s51001_drop0_pc0p05_pgc0p05,0.05
permanent_fork,sth_proof,8000,6.0,5.0,0.012,0.3,0.05,3.0,True,30.0,30.0,0.0,0.0,,,,,24045.0,,,,3.187225801351725,3.187225801351725,5.0,9.881032370262045e-05,5,5,51002,0.05,0.05,0.0,True,0.2,0.08,800,10,0.0,0.0,0.0,0.7615079879760742,C:/Users/efasllija/dev/gossip-poc/out_nb_incremental_clean0104/scenario_mixing_sensitivity_lite_refined/mix_0p05/permanent_fork_sth_proof_n8000_pg0p012_a0p3_ff0p05_s51002_drop0_pc0p05_pgc0p05,0.05
permanent_fork,sth_proof,8000,6.0,5.0,0.012,0.3,0.05,3.0,True,0.0,0.0,0.0,0.0,,,,,21697.0,,,,4.168291507580531,4.168291507580531,10.0,0.00018534307002261184,10,10,51003,0.05,0.05,0.0,True,0.2,0.08,800,10,0.0,0.0,0.0,0.7461516857147217,C:/Users/efasllija/dev/gossip-poc/out_nb_incremental_clean0104/scenario_mixing_sensitivity_lite_refined/mix_0p05/permanent_fork_sth_proof_n8000_pg0p012_a0p3_ff0p05_s51003_drop0_pc0p05_pgc0p05,0.05
permanent_fork,sth_proof,8000,6.0,5.0,0.012,0.3,0.05,3.0,True,90.0,90.0,0.0,0.0,,,,,35147.0,,,,2.399419783162554,2.399419783162554,5.0,9.298346753947148e-05,5,5,51004,0.05,0.05,0.0,True,0.2,0.08,800,10,0.0,0.0,0.0,0.7122890949249268,C:/Users/efasllija/dev/gossip-poc/out_nb_incremental_clean0104/scenario_mixing_sensitivity_lite_refined/mix_0p05/permanent_fork_sth_proof_n8000_pg0p012_a0p3_ff0p05_s51004_drop0_pc0p05_pgc0p05,0.05
permanent_fork,sth_proof,8000,6.0,5.0,0.012,0.3,0.05,3.0,True,5.0,5.0,0.0,0.0,,,,,22916.0,,,,2.9514045671564455,2.9514045671564455,8.0,0.00014804396905881046,8,8,51005,0.05,0.05,0.0,True,0.2,0.08,800,10,0.0,0.0,0.0,0.7340717315673828,C:/Users/efasllija/dev/gossip-poc/out_nb_incremental_clean0104/scenario_mixing_sensitivity_lite_refined/mix_0p05/permanent_fork_sth_proof_n8000_pg0p012_a0p3_ff0p05_s51005_drop0_pc0p05_pgc0p05,0.05
permanent_fork,sth_proof,8000,6.0,5.0,0.015,0.3,0.05,3.0,True,0.0,0.0,0.0,0.0,,,,,22422.0,,,,3.903424795445809,3.903424795445809,8.0,0.00014643700463107026,8,8,51000,0.05,0.05,0.0,True,0.2,0.08,800,10,0.0,0.0,0.0,0.7134461402893066,C:/Users/efasllija/dev/gossip-poc/out_nb_incremental_clean0104/scenario_mixing_sensitivity_lite_refined/mix_0p05/permanent_fork_sth_proof_n8000_pg0p015_a0p3_ff0p05_s51000_drop0_pc0p05_pgc0p05,0.05
permanent_fork,sth_proof,8000,6.0,5.0,0.015,0.3,0.05,3.0,True,35.0,35.0,0.0,0.0,,,,,26306.0,,,,4.934657605854679,4.934657605854679,10.0,0.00018669255470091852,10,10,51001,0.05,0.05,0.0,True,0.2,0.08,800,10,0.0,0.0,0.0,0.714141845703125,C:/Users/efasllija/dev/gossip-poc/out_nb_incremental_clean0104/scenario_mixing_sensitivity_lite_refined/mix_0p05/permanent_fork_sth_proof_n8000_pg0p015_a0p3_ff0p05_s51001_drop0_pc0p05_pgc0p05,0.05
permanent_fork,sth_proof,8000,6.0,5.0,0.015,0.3,0.05,3.0,True,30.0,30.0,0.0,0.0,,,,,24045.0,,,,3.665309671554484,3.665309671554484,5.0,9.881032370262045e-05,5,5,51002,0.05,0.05,0.0,True,0.2,0.08,800,10,0.0,0.0,0.0,0.6852970123291016,C:/Users/efasllija/dev/gossip-poc/out_nb_incremental_clean0104/scenario_mixing_sensitivity_lite_refined/mix_0p05/permanent_fork_sth_proof_n8000_pg0p015_a0p3_ff0p05_s51002_drop0_pc0p05_pgc0p05,0.05
permanent_fork,sth_proof,8000,6.0,5.0,0.015,0.3,0.05,3.0,True,0.0,0.0,0.0,0.0,,,,,21697.0,,,,5.065055417577937,5.065055417577937,12.0,0.00022241168402713422,12,12,51003,0.05,0.05,0.0,True,0.2,0.08,800,10,0.0,0.0,0.0,0.7153880596160889,C:/Users/efasllija/dev/gossip-poc/out_nb_incremental_clean0104/scenario_mixing_sensitivity_lite_refined/mix_0p05/permanent_fork_sth_proof_n8000_pg0p015_a0p3_ff0p05_s51003_drop0_pc0p05_pgc0p05,0.05
permanent_fork,sth_proof,8000,6.0,5.0,0.015,0.3,0.05,3.0,True,90.0,90.0,0.0,0.0,,,,,35147.0,,,,3.0326000037193386,3.0326000037193386,6.0,0.00011158016104736578,6,6,51004,0.05,0.05,0.0,True,0.2,0.08,800,10,0.0,0.0,0.0,0.7481074333190918,C:/Users/efasllija/dev/gossip-poc/out_nb_incremental_clean0104/scenario_mixing_sensitivity_lite_refined/mix_0p05/permanent_fork_sth_proof_n8000_pg0p015_a0p3_ff0p05_s51004_drop0_pc0p05_pgc0p05,0.05
permanent_fork,sth_proof,8000,6.0,5.0,0.015,0.3,0.05,3.0,True,5.0,5.0,0.0,0.0,,,,,22916.0,,,,3.4654132277286354,3.4654132277286354,11.0,0.0002035604574558644,11,11,51005,0.05,0.05,0.0,True,0.2,0.08,800,10,0.0,0.0,0.0,0.7078382968902588,C:/Users/efasllija/dev/gossip-poc/out_nb_incremental_clean0104/scenario_mixing_sensitivity_lite_refined/mix_0p05/permanent_fork_sth_proof_n8000_pg0p015_a0p3_ff0p05_s51005_drop0_pc0p05_pgc0p05,0.05
permanent_fork,sth_proof,8000,6.0,5.0,0.02,0.3,0.05,3.0,True,0.0,0.0,0.0,0.0,,,,,22422.0,,,,4.953085244641321,4.953085244641321,9.0,0.00016474163020995406,9,9,51000,0.05,0.05,0.0,True,0.2,0.08,800,10,0.0,0.0,0.0,0.7091593742370605,C:/Users/efasllija/dev/gossip-poc/out_nb_incremental_clean0104/scenario_mixing_sensitivity_lite_refined/mix_0p05/permanent_fork_sth_proof_n8000_pg0p02_a0p3_ff0p05_s51000_drop0_pc0p05_pgc0p05,0.05
permanent_fork,sth_proof,8000,6.0,5.0,0.02,0.3,0.05,3.0,True,35.0,35.0,0.0,0.0,,,,,26306.0,,,,6.005227391531625,6.005227391531625,10.0,0.00018669255470091852,10,10,51001,0.05,0.05,0.0,True,0.2,0.08,800,10,0.0,0.0,0.0,0.6998295783996582,C:/Users/efasllija/dev/gossip-poc/out_nb_incremental_clean0104/scenario_mixing_sensitivity_lite_refined/mix_0p05/permanent_fork_sth_proof_n8000_pg0p02_a0p3_ff0p05_s51001_drop0_pc0p05_pgc0p05,0.05
permanent_fork,sth_proof,8000,6.0,5.0,0.02,0.3,0.05,3.0,True,30.0,30.0,0.0,0.0,,,,,24045.0,,,,5.170388522192798,5.170388522192798,16.0,0.00031619303584838544,16,16,51002,0.05,0.05,0.0,True,0.2,0.08,800,10,0.0,0.0,0.0,0.7095634937286377,C:/Users/efasllija/dev/gossip-poc/out_nb_incremental_clean0104/scenario_mixing_sensitivity_lite_refined/mix_0p05/permanent_fork_sth_proof_n8000_pg0p02_a0p3_ff0p05_s51002_drop0_pc0p05_pgc0p05,0.05
permanent_fork,sth_proof,8000,6.0,5.0,0.02,0.3,0.05,3.0,True,0.0,0.0,0.0,0.0,,,,,21697.0,,,,6.8087630203506695,6.8087630203506695,25.0,0.0004633576750565296,25,25,51003,0.05,0.05,0.0,True,0.2,0.08,800,10,0.0,0.0,0.0,0.7225844860076904,C:/Users/efasllija/dev/gossip-poc/out_nb_incremental_clean0104/scenario_mixing_sensitivity_lite_refined/mix_0p05/permanent_fork_sth_proof_n8000_pg0p02_a0p3_ff0p05_s51003_drop0_pc0p05_pgc0p05,0.05
permanent_fork,sth_proof,8000,6.0,5.0,0.02,0.3,0.05,3.0,True,90.0,90.0,0.0,0.0,,,,,35147.0,,,,3.8823945102560766,3.8823945102560766,7.0,0.00013017685455526007,7,7,51004,0.05,0.05,0.0,True,0.2,0.08,800,10,0.0,0.0,0.0,0.7067430019378662,C:/Users/efasllija/dev/gossip-poc/out_nb_incremental_clean0104/scenario_mixing_sensitivity_lite_refined/mix_0p05/permanent_fork_sth_proof_n8000_pg0p02_a0p3_ff0p05_s51004_drop0_pc0p05_pgc0p05,0.05
permanent_fork,sth_proof,8000,6.0,5.0,0.02,0.3,0.05,3.0,True,5.0,5.0,0.0,0.0,,,,,22916.0,,,,4.543173322476775,4.543173322476775,15.0,0.00027758244198526963,15,15,51005,0.05,0.05,0.0,True,0.2,0.08,800,10,0.0,0.0,0.0,0.7027828693389893,C:/Users/efasllija/dev/gossip-poc/out_nb_incremental_clean0104/scenario_mixing_sensitivity_lite_refined/mix_0p05/permanent_fork_sth_proof_n8000_pg0p02_a0p3_ff0p05_s51005_drop0_pc0p05_pgc0p05,0.05
