users,adoption,p_gossip,mix_level,server_mode,mode,fork_frac,p_contact_cross,p_group_cross,p_drop_crosscut,reps,wall_s_med,aware_cov_end_mean,evid_cov_end_mean,detected_rate,lat_aw_med,lat_ev_med,t10_aw_med,t50_aw_med,t10_ev_med,t50_ev_med,msgs_first_ev_med,msgs_50_ev_med,msgs_95_ev_med,bpd_mean,bps_mean,crosscuts_mean,evidence_mean
12000,0.1,0.003,0.01,permanent_fork,sth_proof,0.05,0.01,0.01,0.0,15,0.883267879486084,0.0,0.0,0.6,95.0,95.0,,,,,42578.0,,,0.23589220595879287,0.23589220595879287,0.9333333333333333,0.9333333333333333
12000,0.1,0.003,0.02,permanent_fork,sth_proof,0.05,0.02,0.02,0.0,15,0.9156651496887207,0.0,0.0,0.6,95.0,95.0,,,,,42578.0,,,0.23589220595879287,0.23589220595879287,0.9333333333333333,0.9333333333333333
12000,0.1,0.003,0.03,permanent_fork,sth_proof,0.05,0.03,0.03,0.0,15,0.9447062015533447,0.0,0.0,0.6,95.0,95.0,,,,,42578.0,,,0.23589220595879287,0.23589220595879287,0.9333333333333333,0.9333333333333333
12000,0.1,0.003,0.05,permanent_fork,sth_proof,0.05,0.05,0.05,0.0,15,0.9648709297180176,0.0,0.0,0.6,95.0,95.0,,,,,42578.0,,,0.23589220595879287,0.23589220595879287,0.9333333333333333,0.9333333333333333
12000,0.1,0.005,0.01,permanent_fork,sth_proof,0.05,0.01,0.01,0.0,15,0.8840045928955078,0.0,0.0,0.7333333333333333,90.0,90.0,,,,,42106.0,,,0.43330123444960056,0.43330123444960056,1.4,1.4
12000,0.1,0.005,0.02,permanent_fork,sth_proof,0.05,0.02,0.02,0.0,15,0.9264953136444092,0.0,0.0,0.7333333333333333,90.0,90.0,,,,,42106.0,,,0.43330123444960056,0.43330123444960056,1.4,1.4
12000,0.1,0.005,0.03,permanent_fork,sth_proof,0.05,0.03,0.03,0.0,15,0.9373376369476318,0.0,0.0,0.7333333333333333,90.0,90.0,,,,,42106.0,,,0.43330123444960056,0.43330123444960056,1.4,1.4
12000,0.1,0.005,0.05,permanent_fork,sth_proof,0.05,0.05,0.05,0.0,15,0.9654171466827393,0.0,0.0,0.7333333333333333,90.0,90.0,,,,,42106.0,,,0.43330123444960056,0.43330123444960056,1.4,1.4
12000,0.1,0.007,0.01,permanent_fork,sth_proof,0.05,0.01,0.01,0.0,15,0.8935561180114746,0.0,0.0,0.8,67.5,67.5,,,,,38489.5,,,0.6205428804976708,0.6205428804976708,1.9333333333333333,1.9333333333333333
12000,0.1,0.007,0.02,permanent_fork,sth_proof,0.05,0.02,0.02,0.0,15,0.9139418601989746,0.0,0.0,0.8,67.5,67.5,,,,,38489.5,,,0.6205428804976708,0.6205428804976708,1.9333333333333333,1.9333333333333333
12000,0.1,0.007,0.03,permanent_fork,sth_proof,0.05,0.03,0.03,0.0,15,0.9285850524902344,0.0,0.0,0.8,67.5,67.5,,,,,38489.5,,,0.6205428804976708,0.6205428804976708,1.9333333333333333,1.9333333333333333
12000,0.1,0.007,0.05,permanent_fork,sth_proof,0.05,0.05,0.05,0.0,15,0.9822366237640381,0.0,0.0,0.8,67.5,67.5,,,,,38489.5,,,0.6205428804976708,0.6205428804976708,1.9333333333333333,1.9333333333333333
12000,0.1,0.01,0.01,permanent_fork,sth_proof,0.05,0.01,0.01,0.0,15,0.9014561176300049,0.0,0.0,0.8666666666666667,55.0,55.0,,,,,35588.0,,,0.8508842452980868,0.8508842452980868,2.7333333333333334,2.7333333333333334
12000,0.1,0.01,0.02,permanent_fork,sth_proof,0.05,0.02,0.02,0.0,15,0.933068037033081,0.0,0.0,0.8666666666666667,55.0,55.0,,,,,35588.0,,,0.8508842452980868,0.8508842452980868,2.7333333333333334,2.7333333333333334
12000,0.1,0.01,0.03,permanent_fork,sth_proof,0.05,0.03,0.03,0.0,15,0.9498915672302246,0.0,0.0,0.8666666666666667,55.0,55.0,,,,,35588.0,,,0.8508842452980868,0.8508842452980868,2.7333333333333334,2.7333333333333334
12000,0.1,0.01,0.05,permanent_fork,sth_proof,0.05,0.05,0.05,0.0,15,0.9587714672088623,0.0,0.0,0.8666666666666667,55.0,55.0,,,,,35588.0,,,0.8508842452980868,0.8508842452980868,2.7333333333333334,2.7333333333333334
12000,0.1,0.015,0.01,permanent_fork,sth_proof,0.05,0.01,0.01,0.0,15,0.9035539627075195,0.0,0.0,1.0,50.0,50.0,,,,,35355.0,,,1.3488447978116298,1.3488447978116298,4.066666666666666,4.066666666666666
12000,0.1,0.015,0.02,permanent_fork,sth_proof,0.05,0.02,0.02,0.0,15,0.9272472858428955,0.0,0.0,1.0,50.0,50.0,,,,,35355.0,,,1.3488447978116298,1.3488447978116298,4.066666666666666,4.066666666666666
12000,0.1,0.015,0.03,permanent_fork,sth_proof,0.05,0.03,0.03,0.0,15,0.9290692806243896,0.0,0.0,1.0,50.0,50.0,,,,,35355.0,,,1.3488447978116298,1.3488447978116298,4.066666666666666,4.066666666666666
12000,0.1,0.015,0.05,permanent_fork,sth_proof,0.05,0.05,0.05,0.0,15,0.9511837959289551,0.0,0.0,1.0,50.0,50.0,,,,,35355.0,,,1.3488447978116298,1.3488447978116298,4.066666666666666,4.066666666666666
12000,0.1,0.02,0.01,permanent_fork,sth_proof,0.05,0.01,0.01,0.0,15,0.910853385925293,0.0,0.0,1.0,45.0,45.0,,,,,33491.0,,,1.7882893544093028,1.7882893544093028,5.133333333333334,5.133333333333334
12000,0.1,0.02,0.02,permanent_fork,sth_proof,0.05,0.02,0.02,0.0,15,0.9225234985351562,0.0,0.0,1.0,45.0,45.0,,,,,33491.0,,,1.7882893544093028,1.7882893544093028,5.133333333333334,5.133333333333334
12000,0.1,0.02,0.03,permanent_fork,sth_proof,0.05,0.03,0.03,0.0,15,0.9458367824554443,0.0,0.0,1.0,45.0,45.0,,,,,33491.0,,,1.7882893544093028,1.7882893544093028,5.133333333333334,5.133333333333334
12000,0.1,0.02,0.05,permanent_fork,sth_proof,0.05,0.05,0.05,0.0,15,0.9665136337280273,0.0,0.0,1.0,45.0,45.0,,,,,33491.0,,,1.7882893544093028,1.7882893544093028,5.133333333333334,5.133333333333334
12000,0.1,0.03,0.01,permanent_fork,sth_proof,0.05,0.01,0.01,0.0,15,0.9018776416778564,0.0,0.0,1.0,30.0,30.0,,,,,31380.0,,,2.742133888010359,2.742133888010359,8.333333333333334,8.333333333333334
12000,0.1,0.03,0.02,permanent_fork,sth_proof,0.05,0.02,0.02,0.0,15,0.9464612007141113,0.0,0.0,1.0,30.0,30.0,,,,,31380.0,,,2.742133888010359,2.742133888010359,8.333333333333334,8.333333333333334
12000,0.1,0.03,0.03,permanent_fork,sth_proof,0.05,0.03,0.03,0.0,15,0.9397635459899902,0.0,0.0,1.0,30.0,30.0,,,,,31380.0,,,2.742133888010359,2.742133888010359,8.333333333333334,8.333333333333334
12000,0.1,0.03,0.05,permanent_fork,sth_proof,0.05,0.05,0.05,0.0,15,0.9548938274383545,0.0,0.0,1.0,30.0,30.0,,,,,31380.0,,,2.742133888010359,2.742133888010359,8.333333333333334,8.333333333333334
12000,0.1,0.05,0.01,permanent_fork,sth_proof,0.05,0.01,0.01,0.0,15,0.9096693992614746,0.0,0.0,1.0,25.0,25.0,,,,,31380.0,,,4.495211316917167,4.495211316917167,14.8,14.8
12000,0.1,0.05,0.02,permanent_fork,sth_proof,0.05,0.02,0.02,0.0,15,0.9152936935424805,0.0,0.0,1.0,25.0,25.0,,,,,31380.0,,,4.495211316917167,4.495211316917167,14.8,14.8
12000,0.1,0.05,0.03,permanent_fork,sth_proof,0.05,0.03,0.03,0.0,15,0.9379003047943115,0.0,0.0,1.0,25.0,25.0,,,,,31380.0,,,4.495211316917167,4.495211316917167,14.8,14.8
12000,0.1,0.05,0.05,permanent_fork,sth_proof,0.05,0.05,0.05,0.0,15,0.9636776447296143,0.0,0.0,1.0,25.0,25.0,,,,,31380.0,,,4.495211316917167,4.495211316917167,14.8,14.8
12000,0.2,0.003,0.01,permanent_fork,sth_proof,0.05,0.01,0.01,0.0,15,0.9030280113220215,0.0,0.0,0.9333333333333333,37.5,37.5,,,,,33112.5,,,0.5295557373839783,0.5295557373839783,4.0,4.0
12000,0.2,0.003,0.02,permanent_fork,sth_proof,0.05,0.02,0.02,0.0,15,0.9302008152008057,0.0,0.0,0.9333333333333333,37.5,37.5,,,,,33112.5,,,0.5295557373839783,0.5295557373839783,4.0,4.0
12000,0.2,0.003,0.03,permanent_fork,sth_proof,0.05,0.03,0.03,0.0,15,0.9566605091094971,0.0,0.0,0.9333333333333333,37.5,37.5,,,,,33112.5,,,0.5295557373839783,0.5295557373839783,4.0,4.0
12000,0.2,0.003,0.05,permanent_fork,sth_proof,0.05,0.05,0.05,0.0,15,0.9665181636810303,0.0,0.0,0.9333333333333333,37.5,37.5,,,,,33112.5,,,0.5295557373839783,0.5295557373839783,4.0,4.0
12000,0.2,0.005,0.01,permanent_fork,sth_proof,0.05,0.01,0.01,0.0,15,0.9291350841522217,0.0,0.0,1.0,25.0,25.0,,,,,29365.0,,,0.8734858611530247,0.8734858611530247,5.2,5.2
12000,0.2,0.005,0.02,permanent_fork,sth_proof,0.05,0.02,0.02,0.0,15,0.9334015846252441,0.0,0.0,1.0,25.0,25.0,,,,,29365.0,,,0.8734858611530247,0.8734858611530247,5.2,5.2
12000,0.2,0.005,0.03,permanent_fork,sth_proof,0.05,0.03,0.03,0.0,15,0.9501423835754395,0.0,0.0,1.0,25.0,25.0,,,,,29365.0,,,0.8734858611530247,0.8734858611530247,5.2,5.2
12000,0.2,0.005,0.05,permanent_fork,sth_proof,0.05,0.05,0.05,0.0,15,0.9615058898925781,0.0,0.0,1.0,25.0,25.0,,,,,29365.0,,,0.8734858611530247,0.8734858611530247,5.2,5.2
12000,0.2,0.007,0.01,permanent_fork,sth_proof,0.05,0.01,0.01,0.0,15,0.9045352935791016,0.0,0.0,1.0,25.0,25.0,,,,,29365.0,,,1.1727830766257388,1.1727830766257388,6.4,6.4
12000,0.2,0.007,0.02,permanent_fork,sth_proof,0.05,0.02,0.02,0.0,15,0.9306426048278809,0.0,0.0,1.0,25.0,25.0,,,,,29365.0,,,1.1727830766257388,1.1727830766257388,6.4,6.4
12000,0.2,0.007,0.03,permanent_fork,sth_proof,0.05,0.03,0.03,0.0,15,0.9451982975006104,0.0,0.0,1.0,25.0,25.0,,,,,29365.0,,,1.1727830766257388,1.1727830766257388,6.4,6.4
12000,0.2,0.007,0.05,permanent_fork,sth_proof,0.05,0.05,0.05,0.0,15,0.9530391693115234,0.0,0.0,1.0,25.0,25.0,,,,,29365.0,,,1.1727830766257388,1.1727830766257388,6.4,6.4
12000,0.2,0.01,0.01,permanent_fork,sth_proof,0.05,0.01,0.01,0.0,15,0.9206383228302002,0.0,0.0,1.0,20.0,20.0,,,,,28817.0,,,1.6798596334047984,1.6798596334047984,7.533333333333333,7.533333333333333
12000,0.2,0.01,0.02,permanent_fork,sth_proof,0.05,0.02,0.02,0.0,15,0.9213886260986328,0.0,0.0,1.0,20.0,20.0,,,,,28817.0,,,1.6798596334047984,1.6798596334047984,7.533333333333333,7.533333333333333
12000,0.2,0.01,0.03,permanent_fork,sth_proof,0.05,0.03,0.03,0.0,15,0.9433925151824951,0.0,0.0,1.0,20.0,20.0,,,,,28817.0,,,1.6798596334047984,1.6798596334047984,7.533333333333333,7.533333333333333
12000,0.2,0.01,0.05,permanent_fork,sth_proof,0.05,0.05,0.05,0.0,15,0.9536416530609131,0.0,0.0,1.0,20.0,20.0,,,,,28817.0,,,1.6798596334047984,1.6798596334047984,7.533333333333333,7.533333333333333
12000,0.2,0.015,0.01,permanent_fork,sth_proof,0.05,0.01,0.01,0.0,15,0.9320955276489258,0.0,0.0,1.0,20.0,20.0,,,,,28749.0,,,2.6227837572384165,2.6227837572384165,11.266666666666667,11.266666666666667
12000,0.2,0.015,0.02,permanent_fork,sth_proof,0.05,0.02,0.02,0.0,15,0.9356679916381836,0.0,0.0,1.0,20.0,20.0,,,,,28749.0,,,2.6227837572384165,2.6227837572384165,11.266666666666667,11.266666666666667
12000,0.2,0.015,0.03,permanent_fork,sth_proof,0.05,0.03,0.03,0.0,15,0.959176778793335,0.0,0.0,1.0,20.0,20.0,,,,,28749.0,,,2.6227837572384165,2.6227837572384165,11.266666666666667,11.266666666666667
12000,0.2,0.015,0.05,permanent_fork,sth_proof,0.05,0.05,0.05,0.0,15,0.9595272541046143,0.0,0.0,1.0,20.0,20.0,,,,,28749.0,,,2.6227837572384165,2.6227837572384165,11.266666666666667,11.266666666666667
12000,0.2,0.02,0.01,permanent_fork,sth_proof,0.05,0.01,0.01,0.0,15,0.9389536380767822,0.0,0.0,1.0,20.0,20.0,,,,,28749.0,,,3.5304710667626322,3.5304710667626322,13.666666666666666,13.666666666666666
12000,0.2,0.02,0.02,permanent_fork,sth_proof,0.05,0.02,0.02,0.0,15,0.9301941394805908,0.0,0.0,1.0,20.0,20.0,,,,,28749.0,,,3.5304710667626322,3.5304710667626322,13.666666666666666,13.666666666666666
12000,0.2,0.02,0.03,permanent_fork,sth_proof,0.05,0.03,0.03,0.0,15,0.9626882076263428,0.0,0.0,1.0,20.0,20.0,,,,,28749.0,,,3.5304710667626322,3.5304710667626322,13.666666666666666,13.666666666666666
12000,0.2,0.02,0.05,permanent_fork,sth_proof,0.05,0.05,0.05,0.0,15,0.9557580947875977,0.0,0.0,1.0,20.0,20.0,,,,,28749.0,,,3.5304710667626322,3.5304710667626322,13.666666666666666,13.666666666666666
12000,0.2,0.03,0.01,permanent_fork,sth_proof,0.05,0.01,0.01,0.0,15,0.9234676361083984,0.0,0.0,1.0,20.0,20.0,,,,,28524.0,,,5.4919599323141,5.4919599323141,20.8,20.8
12000,0.2,0.03,0.02,permanent_fork,sth_proof,0.05,0.02,0.02,0.0,15,0.9265682697296143,0.0,0.0,1.0,20.0,20.0,,,,,28524.0,,,5.4919599323141,5.4919599323141,20.8,20.8
12000,0.2,0.03,0.03,permanent_fork,sth_proof,0.05,0.03,0.03,0.0,15,0.9634437561035156,0.0,0.0,1.0,20.0,20.0,,,,,28524.0,,,5.4919599323141,5.4919599323141,20.8,20.8
12000,0.2,0.03,0.05,permanent_fork,sth_proof,0.05,0.05,0.05,0.0,15,0.9672486782073975,0.0,0.0,1.0,20.0,20.0,,,,,28524.0,,,5.4919599323141,5.4919599323141,20.8,20.8
12000,0.2,0.05,0.01,permanent_fork,sth_proof,0.05,0.01,0.01,0.0,15,0.9309751987457275,0.0,0.0,1.0,15.0,15.0,,,,,28474.0,,,9.33356546377732,9.33356546377732,33.733333333333334,33.733333333333334
12000,0.2,0.05,0.02,permanent_fork,sth_proof,0.05,0.02,0.02,0.0,15,0.9285993576049805,0.0,0.0,1.0,15.0,15.0,,,,,28474.0,,,9.33356546377732,9.33356546377732,33.733333333333334,33.733333333333334
12000,0.2,0.05,0.03,permanent_fork,sth_proof,0.05,0.03,0.03,0.0,15,0.9531967639923096,0.0,0.0,1.0,15.0,15.0,,,,,28474.0,,,9.33356546377732,9.33356546377732,33.733333333333334,33.733333333333334
12000,0.2,0.05,0.05,permanent_fork,sth_proof,0.05,0.05,0.05,0.0,15,0.9674568176269531,0.0,0.0,1.0,15.0,15.0,,,,,28474.0,,,9.33356546377732,9.33356546377732,33.733333333333334,33.733333333333334
12000,0.3,0.003,0.01,permanent_fork,sth_proof,0.05,0.01,0.01,0.0,15,0.9400696754455566,0.0,0.0,0.9333333333333333,55.0,55.0,,,,,36151.5,,,0.7190156781043983,0.7190156781043983,3.4,3.4
12000,0.3,0.003,0.02,permanent_fork,sth_proof,0.05,0.02,0.02,0.0,15,0.9402225017547607,0.0,0.0,0.9333333333333333,55.0,55.0,,,,,36151.5,,,0.7190156781043983,0.7190156781043983,3.4,3.4
12000,0.3,0.003,0.03,permanent_fork,sth_proof,0.05,0.03,0.03,0.0,15,0.9493503570556641,0.0,0.0,0.9333333333333333,55.0,55.0,,,,,36151.5,,,0.7190156781043983,0.7190156781043983,3.4,3.4
12000,0.3,0.003,0.05,permanent_fork,sth_proof,0.05,0.05,0.05,0.0,15,0.9599931240081787,0.0,0.0,0.9333333333333333,55.0,55.0,,,,,36151.5,,,0.7190156781043983,0.7190156781043983,3.4,3.4
12000,0.3,0.005,0.01,permanent_fork,sth_proof,0.05,0.01,0.01,0.0,15,0.9355008602142334,0.0,0.0,0.9333333333333333,50.0,50.0,,,,,35476.0,,,1.2957467223489292,1.2957467223489292,4.733333333333333,4.733333333333333
12000,0.3,0.005,0.02,permanent_fork,sth_proof,0.05,0.02,0.02,0.0,15,0.9389615058898926,0.0,0.0,0.9333333333333333,50.0,50.0,,,,,35476.0,,,1.2957467223489292,1.2957467223489292,4.733333333333333,4.733333333333333
12000,0.3,0.005,0.03,permanent_fork,sth_proof,0.05,0.03,0.03,0.0,15,0.9474258422851562,0.0,0.0,0.9333333333333333,50.0,50.0,,,,,35476.0,,,1.2957467223489292,1.2957467223489292,4.733333333333333,4.733333333333333
12000,0.3,0.005,0.05,permanent_fork,sth_proof,0.05,0.05,0.05,0.0,15,0.9658796787261963,0.0,0.0,0.9333333333333333,50.0,50.0,,,,,35476.0,,,1.2957467223489292,1.2957467223489292,4.733333333333333,4.733333333333333
12000,0.3,0.007,0.01,permanent_fork,sth_proof,0.05,0.01,0.01,0.0,15,0.9277994632720947,0.0,0.0,1.0,50.0,50.0,,,,,35229.0,,,1.8225405901211043,1.8225405901211043,6.866666666666666,6.866666666666666
12000,0.3,0.007,0.02,permanent_fork,sth_proof,0.05,0.02,0.02,0.0,15,0.9474208354949951,0.0,0.0,1.0,50.0,50.0,,,,,35229.0,,,1.8225405901211043,1.8225405901211043,6.866666666666666,6.866666666666666
12000,0.3,0.007,0.03,permanent_fork,sth_proof,0.05,0.03,0.03,0.0,15,0.9504637718200684,0.0,0.0,1.0,50.0,50.0,,,,,35229.0,,,1.8225405901211043,1.8225405901211043,6.866666666666666,6.866666666666666
12000,0.3,0.007,0.05,permanent_fork,sth_proof,0.05,0.05,0.05,0.0,15,0.9699671268463135,0.0,0.0,1.0,50.0,50.0,,,,,35229.0,,,1.8225405901211043,1.8225405901211043,6.866666666666666,6.866666666666666
12000,0.3,0.01,0.01,permanent_fork,sth_proof,0.05,0.01,0.01,0.0,15,0.9372618198394775,0.0,0.0,1.0,50.0,50.0,,,,,34169.0,,,2.5579737634418245,2.5579737634418245,8.8,8.8
12000,0.3,0.01,0.02,permanent_fork,sth_proof,0.05,0.02,0.02,0.0,15,0.9305617809295654,0.0,0.0,1.0,50.0,50.0,,,,,34169.0,,,2.5579737634418245,2.5579737634418245,8.8,8.8
12000,0.3,0.01,0.03,permanent_fork,sth_proof,0.05,0.03,0.03,0.0,15,0.9490187168121338,0.0,0.0,1.0,50.0,50.0,,,,,34169.0,,,2.5579737634418245,2.5579737634418245,8.8,8.8
12000,0.3,0.01,0.05,permanent_fork,sth_proof,0.05,0.05,0.05,0.0,15,0.9733824729919434,0.0,0.0,1.0,50.0,50.0,,,,,34169.0,,,2.5579737634418245,2.5579737634418245,8.8,8.8
12000,0.3,0.015,0.01,permanent_fork,sth_proof,0.05,0.01,0.01,0.0,15,0.9366562366485596,0.0,0.0,1.0,35.0,35.0,,,,,31357.0,,,3.946662751766012,3.946662751766012,14.733333333333333,14.733333333333333
12000,0.3,0.015,0.02,permanent_fork,sth_proof,0.05,0.02,0.02,0.0,15,0.9689731597900391,0.0,0.0,1.0,35.0,35.0,,,,,31357.0,,,3.946662751766012,3.946662751766012,14.733333333333333,14.733333333333333
12000,0.3,0.015,0.03,permanent_fork,sth_proof,0.05,0.03,0.03,0.0,15,0.9618401527404785,0.0,0.0,1.0,35.0,35.0,,,,,31357.0,,,3.946662751766012,3.946662751766012,14.733333333333333,14.733333333333333
12000,0.3,0.015,0.05,permanent_fork,sth_proof,0.05,0.05,0.05,0.0,15,0.9598040580749512,0.0,0.0,1.0,35.0,35.0,,,,,31357.0,,,3.946662751766012,3.946662751766012,14.733333333333333,14.733333333333333
12000,0.3,0.02,0.01,permanent_fork,sth_proof,0.05,0.01,0.01,0.0,15,0.9267234802246094,0.0,0.0,1.0,15.0,15.0,,,,,29899.0,,,5.309307958225147,5.309307958225147,19.866666666666667,19.866666666666667
12000,0.3,0.02,0.02,permanent_fork,sth_proof,0.05,0.02,0.02,0.0,15,0.9411346912384033,0.0,0.0,1.0,15.0,15.0,,,,,29899.0,,,5.309307958225147,5.309307958225147,19.866666666666667,19.866666666666667
12000,0.3,0.02,0.03,permanent_fork,sth_proof,0.05,0.03,0.03,0.0,15,0.9515585899353027,0.0,0.0,1.0,15.0,15.0,,,,,29899.0,,,5.309307958225147,5.309307958225147,19.866666666666667,19.866666666666667
12000,0.3,0.02,0.05,permanent_fork,sth_proof,0.05,0.05,0.05,0.0,15,0.9627726078033447,0.0,0.0,1.0,15.0,15.0,,,,,29899.0,,,5.309307958225147,5.309307958225147,19.866666666666667,19.866666666666667
12000,0.3,0.03,0.01,permanent_fork,sth_proof,0.05,0.01,0.01,0.0,15,0.9315221309661865,0.0,0.0,1.0,15.0,15.0,,,,,28322.0,,,7.775207184987994,7.775207184987994,28.866666666666667,28.866666666666667
12000,0.3,0.03,0.02,permanent_fork,sth_proof,0.05,0.02,0.02,0.0,15,0.9546401500701904,0.0,0.0,1.0,15.0,15.0,,,,,28322.0,,,7.775207184987994,7.775207184987994,28.866666666666667,28.866666666666667
12000,0.3,0.03,0.03,permanent_fork,sth_proof,0.05,0.03,0.03,0.0,15,0.9685635566711426,0.0,0.0,1.0,15.0,15.0,,,,,28322.0,,,7.775207184987994,7.775207184987994,28.866666666666667,28.866666666666667
12000,0.3,0.03,0.05,permanent_fork,sth_proof,0.05,0.05,0.05,0.0,15,0.9806571006774902,0.0,0.0,1.0,15.0,15.0,,,,,28322.0,,,7.775207184987994,7.775207184987994,28.866666666666667,28.866666666666667
12000,0.3,0.05,0.01,permanent_fork,sth_proof,0.05,0.01,0.01,0.0,15,0.9253394603729248,0.0,0.0,1.0,10.0,10.0,,,,,27548.0,,,13.234978785833176,13.234978785833176,51.6,51.6
12000,0.3,0.05,0.02,permanent_fork,sth_proof,0.05,0.02,0.02,0.0,15,0.9596519470214844,0.0,0.0,1.0,10.0,10.0,,,,,27548.0,,,13.234978785833176,13.234978785833176,51.6,51.6
12000,0.3,0.05,0.03,permanent_fork,sth_proof,0.05,0.03,0.03,0.0,15,0.9507887363433838,0.0,0.0,1.0,10.0,10.0,,,,,27548.0,,,13.234978785833176,13.234978785833176,51.6,51.6
12000,0.3,0.05,0.05,permanent_fork,sth_proof,0.05,0.05,0.05,0.0,15,0.975191593170166,0.0,0.0,1.0,10.0,10.0,,,,,27548.0,,,13.234978785833176,13.234978785833176,51.6,51.6
