users,adoption,p_gossip,mix_level,server_mode,mode,fork_frac,p_contact_cross,p_group_cross,p_drop_crosscut,reps,detected_rate,lat_ev_med,lat_ev_q25,lat_ev_q75,bpd_mean,bps_mean,evidence_mean,crosscuts_mean,msgs_95_ev_med,msgs_95_ev_q25,msgs_95_ev_q75
12000,0.1,0.003,0.01,permanent_fork,sth_proof,0.05,0.01,0.01,0.0,15,0.6,95.0,80.0,120.0,0.23589220595879287,0.23589220595879287,0.9333333333333333,0.9333333333333333,,,
12000,0.1,0.003,0.02,permanent_fork,sth_proof,0.05,0.02,0.02,0.0,15,0.6,95.0,80.0,120.0,0.23589220595879287,0.23589220595879287,0.9333333333333333,0.9333333333333333,,,
12000,0.1,0.003,0.03,permanent_fork,sth_proof,0.05,0.03,0.03,0.0,15,0.6,95.0,80.0,120.0,0.23589220595879287,0.23589220595879287,0.9333333333333333,0.9333333333333333,,,
12000,0.1,0.003,0.05,permanent_fork,sth_proof,0.05,0.05,0.05,0.0,15,0.6,95.0,80.0,120.0,0.23589220595879287,0.23589220595879287,0.9333333333333333,0.9333333333333333,,,
12000,0.1,0.005,0.01,permanent_fork,sth_proof,0.05,0.01,0.01,0.0,15,0.7333333333333333,90.0,52.5,112.5,0.43330123444960056,0.43330123444960056,1.4,1.4,,,
12000,0.1,0.005,0.02,permanent_fork,sth_proof,0.05,0.02,0.02,0.0,15,0.7333333333333333,90.0,52.5,112.5,0.43330123444960056,0.43330123444960056,1.4,1.4,,,
12000,0.1,0.005,0.03,permanent_fork,sth_proof,0.05,0.03,0.03,0.0,15,0.7333333333333333,90.0,52.5,112.5,0.43330123444960056,0.43330123444960056,1.4,1.4,,,
12000,0.1,0.005,0.05,permanent_fork,sth_proof,0.05,0.05,0.05,0.0,15,0.7333333333333333,90.0,52.5,112.5,0.43330123444960056,0.43330123444960056,1.4,1.4,,,
12000,0.1,0.007,0.01,permanent_fork,sth_proof,0.05,0.01,0.01,0.0,15,0.8,67.5,45.0,91.25,0.6205428804976708,0.6205428804976708,1.9333333333333333,1.9333333333333333,,,
12000,0.1,0.007,0.02,permanent_fork,sth_proof,0.05,0.02,0.02,0.0,15,0.8,67.5,45.0,91.25,0.6205428804976708,0.6205428804976708,1.9333333333333333,1.9333333333333333,,,
12000,0.1,0.007,0.03,permanent_fork,sth_proof,0.05,0.03,0.03,0.0,15,0.8,67.5,45.0,91.25,0.6205428804976708,0.6205428804976708,1.9333333333333333,1.9333333333333333,,,
12000,0.1,0.007,0.05,permanent_fork,sth_proof,0.05,0.05,0.05,0.0,15,0.8,67.5,45.0,91.25,0.6205428804976708,0.6205428804976708,1.9333333333333333,1.9333333333333333,,,
12000,0.1,0.01,0.01,permanent_fork,sth_proof,0.05,0.01,0.01,0.0,15,0.8666666666666667,55.0,45.0,90.0,0.8508842452980868,0.8508842452980868,2.7333333333333334,2.7333333333333334,,,
12000,0.1,0.01,0.02,permanent_fork,sth_proof,0.05,0.02,0.02,0.0,15,0.8666666666666667,55.0,45.0,90.0,0.8508842452980868,0.8508842452980868,2.7333333333333334,2.7333333333333334,,,
12000,0.1,0.01,0.03,permanent_fork,sth_proof,0.05,0.03,0.03,0.0,15,0.8666666666666667,55.0,45.0,90.0,0.8508842452980868,0.8508842452980868,2.7333333333333334,2.7333333333333334,,,
12000,0.1,0.01,0.05,permanent_fork,sth_proof,0.05,0.05,0.05,0.0,15,0.8666666666666667,55.0,45.0,90.0,0.8508842452980868,0.8508842452980868,2.7333333333333334,2.7333333333333334,,,
12000,0.1,0.015,0.01,permanent_fork,sth_proof,0.05,0.01,0.01,0.0,15,1.0,50.0,27.5,75.0,1.3488447978116298,1.3488447978116298,4.066666666666666,4.066666666666666,,,
12000,0.1,0.015,0.02,permanent_fork,sth_proof,0.05,0.02,0.02,0.0,15,1.0,50.0,27.5,75.0,1.3488447978116298,1.3488447978116298,4.066666666666666,4.066666666666666,,,
12000,0.1,0.015,0.03,permanent_fork,sth_proof,0.05,0.03,0.03,0.0,15,1.0,50.0,27.5,75.0,1.3488447978116298,1.3488447978116298,4.066666666666666,4.066666666666666,,,
12000,0.1,0.015,0.05,permanent_fork,sth_proof,0.05,0.05,0.05,0.0,15,1.0,50.0,27.5,75.0,1.3488447978116298,1.3488447978116298,4.066666666666666,4.066666666666666,,,
12000,0.1,0.02,0.01,permanent_fork,sth_proof,0.05,0.01,0.01,0.0,15,1.0,45.0,17.5,62.5,1.7882893544093028,1.7882893544093028,5.133333333333334,5.133333333333334,,,
12000,0.1,0.02,0.02,permanent_fork,sth_proof,0.05,0.02,0.02,0.0,15,1.0,45.0,17.5,62.5,1.7882893544093028,1.7882893544093028,5.133333333333334,5.133333333333334,,,
12000,0.1,0.02,0.03,permanent_fork,sth_proof,0.05,0.03,0.03,0.0,15,1.0,45.0,17.5,62.5,1.7882893544093028,1.7882893544093028,5.133333333333334,5.133333333333334,,,
12000,0.1,0.02,0.05,permanent_fork,sth_proof,0.05,0.05,0.05,0.0,15,1.0,45.0,17.5,62.5,1.7882893544093028,1.7882893544093028,5.133333333333334,5.133333333333334,,,
12000,0.1,0.03,0.01,permanent_fork,sth_proof,0.05,0.01,0.01,0.0,15,1.0,30.0,7.5,52.5,2.742133888010359,2.742133888010359,8.333333333333334,8.333333333333334,,,
12000,0.1,0.03,0.02,permanent_fork,sth_proof,0.05,0.02,0.02,0.0,15,1.0,30.0,7.5,52.5,2.742133888010359,2.742133888010359,8.333333333333334,8.333333333333334,,,
12000,0.1,0.03,0.03,permanent_fork,sth_proof,0.05,0.03,0.03,0.0,15,1.0,30.0,7.5,52.5,2.742133888010359,2.742133888010359,8.333333333333334,8.333333333333334,,,
12000,0.1,0.03,0.05,permanent_fork,sth_proof,0.05,0.05,0.05,0.0,15,1.0,30.0,7.5,52.5,2.742133888010359,2.742133888010359,8.333333333333334,8.333333333333334,,,
12000,0.1,0.05,0.01,permanent_fork,sth_proof,0.05,0.01,0.01,0.0,15,1.0,25.0,7.5,40.0,4.495211316917167,4.495211316917167,14.8,14.8,,,
12000,0.1,0.05,0.02,permanent_fork,sth_proof,0.05,0.02,0.02,0.0,15,1.0,25.0,7.5,40.0,4.495211316917167,4.495211316917167,14.8,14.8,,,
12000,0.1,0.05,0.03,permanent_fork,sth_proof,0.05,0.03,0.03,0.0,15,1.0,25.0,7.5,40.0,4.495211316917167,4.495211316917167,14.8,14.8,,,
12000,0.1,0.05,0.05,permanent_fork,sth_proof,0.05,0.05,0.05,0.0,15,1.0,25.0,7.5,40.0,4.495211316917167,4.495211316917167,14.8,14.8,,,
12000,0.2,0.003,0.01,permanent_fork,sth_proof,0.05,0.01,0.01,0.0,15,0.9333333333333333,37.5,16.25,88.75,0.5295557373839783,0.5295557373839783,4.0,4.0,,,
12000,0.2,0.003,0.02,permanent_fork,sth_proof,0.05,0.02,0.02,0.0,15,0.9333333333333333,37.5,16.25,88.75,0.5295557373839783,0.5295557373839783,4.0,4.0,,,
12000,0.2,0.003,0.03,permanent_fork,sth_proof,0.05,0.03,0.03,0.0,15,0.9333333333333333,37.5,16.25,88.75,0.5295557373839783,0.5295557373839783,4.0,4.0,,,
12000,0.2,0.003,0.05,permanent_fork,sth_proof,0.05,0.05,0.05,0.0,15,0.9333333333333333,37.5,16.25,88.75,0.5295557373839783,0.5295557373839783,4.0,4.0,,,
12000,0.2,0.005,0.01,permanent_fork,sth_proof,0.05,0.01,0.01,0.0,15,1.0,25.0,10.0,42.5,0.8734858611530247,0.8734858611530247,5.2,5.2,,,
12000,0.2,0.005,0.02,permanent_fork,sth_proof,0.05,0.02,0.02,0.0,15,1.0,25.0,10.0,42.5,0.8734858611530247,0.8734858611530247,5.2,5.2,,,
12000,0.2,0.005,0.03,permanent_fork,sth_proof,0.05,0.03,0.03,0.0,15,1.0,25.0,10.0,42.5,0.8734858611530247,0.8734858611530247,5.2,5.2,,,
12000,0.2,0.005,0.05,permanent_fork,sth_proof,0.05,0.05,0.05,0.0,15,1.0,25.0,10.0,42.5,0.8734858611530247,0.8734858611530247,5.2,5.2,,,
12000,0.2,0.007,0.01,permanent_fork,sth_proof,0.05,0.01,0.01,0.0,15,1.0,25.0,10.0,42.5,1.1727830766257388,1.1727830766257388,6.4,6.4,,,
12000,0.2,0.007,0.02,permanent_fork,sth_proof,0.05,0.02,0.02,0.0,15,1.0,25.0,10.0,42.5,1.1727830766257388,1.1727830766257388,6.4,6.4,,,
12000,0.2,0.007,0.03,permanent_fork,sth_proof,0.05,0.03,0.03,0.0,15,1.0,25.0,10.0,42.5,1.1727830766257388,1.1727830766257388,6.4,6.4,,,
12000,0.2,0.007,0.05,permanent_fork,sth_proof,0.05,0.05,0.05,0.0,15,1.0,25.0,10.0,42.5,1.1727830766257388,1.1727830766257388,6.4,6.4,,,
12000,0.2,0.01,0.01,permanent_fork,sth_proof,0.05,0.01,0.01,0.0,15,1.0,20.0,10.0,37.5,1.6798596334047984,1.6798596334047984,7.533333333333333,7.533333333333333,,,
12000,0.2,0.01,0.02,permanent_fork,sth_proof,0.05,0.02,0.02,0.0,15,1.0,20.0,10.0,37.5,1.6798596334047984,1.6798596334047984,7.533333333333333,7.533333333333333,,,
12000,0.2,0.01,0.03,permanent_fork,sth_proof,0.05,0.03,0.03,0.0,15,1.0,20.0,10.0,37.5,1.6798596334047984,1.6798596334047984,7.533333333333333,7.533333333333333,,,
12000,0.2,0.01,0.05,permanent_fork,sth_proof,0.05,0.05,0.05,0.0,15,1.0,20.0,10.0,37.5,1.6798596334047984,1.6798596334047984,7.533333333333333,7.533333333333333,,,
12000,0.2,0.015,0.01,permanent_fork,sth_proof,0.05,0.01,0.01,0.0,15,1.0,20.0,10.0,35.0,2.6227837572384165,2.6227837572384165,11.266666666666667,11.266666666666667,,,
12000,0.2,0.015,0.02,permanent_fork,sth_proof,0.05,0.02,0.02,0.0,15,1.0,20.0,10.0,35.0,2.6227837572384165,2.6227837572384165,11.266666666666667,11.266666666666667,,,
12000,0.2,0.015,0.03,permanent_fork,sth_proof,0.05,0.03,0.03,0.0,15,1.0,20.0,10.0,35.0,2.6227837572384165,2.6227837572384165,11.266666666666667,11.266666666666667,,,
12000,0.2,0.015,0.05,permanent_fork,sth_proof,0.05,0.05,0.05,0.0,15,1.0,20.0,10.0,35.0,2.6227837572384165,2.6227837572384165,11.266666666666667,11.266666666666667,,,
12000,0.2,0.02,0.01,permanent_fork,sth_proof,0.05,0.01,0.01,0.0,15,1.0,20.0,10.0,35.0,3.5304710667626322,3.5304710667626322,13.666666666666666,13.666666666666666,,,
12000,0.2,0.02,0.02,permanent_fork,sth_proof,0.05,0.02,0.02,0.0,15,1.0,20.0,10.0,35.0,3.5304710667626322,3.5304710667626322,13.666666666666666,13.666666666666666,,,
12000,0.2,0.02,0.03,permanent_fork,sth_proof,0.05,0.03,0.03,0.0,15,1.0,20.0,10.0,35.0,3.5304710667626322,3.5304710667626322,13.666666666666666,13.666666666666666,,,
12000,0.2,0.02,0.05,permanent_fork,sth_proof,0.05,0.05,0.05,0.0,15,1.0,20.0,10.0,35.0,3.5304710667626322,3.5304710667626322,13.666666666666666,13.666666666666666,,,
12000,0.2,0.03,0.01,permanent_fork,sth_proof,0.05,0.01,0.01,0.0,15,1.0,20.0,10.0,25.0,5.4919599323141,5.4919599323141,20.8,20.8,,,
12000,0.2,0.03,0.02,permanent_fork,sth_proof,0.05,0.02,0.02,0.0,15,1.0,20.0,10.0,25.0,5.4919599323141,5.4919599323141,20.8,20.8,,,
12000,0.2,0.03,0.03,permanent_fork,sth_proof,0.05,0.03,0.03,0.0,15,1.0,20.0,10.0,25.0,5.4919599323141,5.4919599323141,20.8,20.8,,,
12000,0.2,0.03,0.05,permanent_fork,sth_proof,0.05,0.05,0.05,0.0,15,1.0,20.0,10.0,25.0,5.4919599323141,5.4919599323141,20.8,20.8,,,
12000,0.2,0.05,0.01,permanent_fork,sth_proof,0.05,0.01,0.01,0.0,15,1.0,15.0,5.0,20.0,9.33356546377732,9.33356546377732,33.733333333333334,33.733333333333334,,,
12000,0.2,0.05,0.02,permanent_fork,sth_proof,0.05,0.02,0.02,0.0,15,1.0,15.0,5.0,20.0,9.33356546377732,9.33356546377732,33.733333333333334,33.733333333333334,,,
12000,0.2,0.05,0.03,permanent_fork,sth_proof,0.05,0.03,0.03,0.0,15,1.0,15.0,5.0,20.0,9.33356546377732,9.33356546377732,33.733333333333334,33.733333333333334,,,
12000,0.2,0.05,0.05,permanent_fork,sth_proof,0.05,0.05,0.05,0.0,15,1.0,15.0,5.0,20.0,9.33356546377732,9.33356546377732,33.733333333333334,33.733333333333334,,,
12000,0.3,0.003,0.01,permanent_fork,sth_proof,0.05,0.01,0.01,0.0,15,0.9333333333333333,55.0,50.0,83.75,0.7190156781043983,0.7190156781043983,3.4,3.4,,,
12000,0.3,0.003,0.02,permanent_fork,sth_proof,0.05,0.02,0.02,0.0,15,0.9333333333333333,55.0,50.0,83.75,0.7190156781043983,0.7190156781043983,3.4,3.4,,,
12000,0.3,0.003,0.03,permanent_fork,sth_proof,0.05,0.03,0.03,0.0,15,0.9333333333333333,55.0,50.0,83.75,0.7190156781043983,0.7190156781043983,3.4,3.4,,,
12000,0.3,0.003,0.05,permanent_fork,sth_proof,0.05,0.05,0.05,0.0,15,0.9333333333333333,55.0,50.0,83.75,0.7190156781043983,0.7190156781043983,3.4,3.4,,,
12000,0.3,0.005,0.01,permanent_fork,sth_proof,0.05,0.01,0.01,0.0,15,0.9333333333333333,50.0,38.75,83.75,1.2957467223489292,1.2957467223489292,4.733333333333333,4.733333333333333,,,
12000,0.3,0.005,0.02,permanent_fork,sth_proof,0.05,0.02,0.02,0.0,15,0.9333333333333333,50.0,38.75,83.75,1.2957467223489292,1.2957467223489292,4.733333333333333,4.733333333333333,,,
12000,0.3,0.005,0.03,permanent_fork,sth_proof,0.05,0.03,0.03,0.0,15,0.9333333333333333,50.0,38.75,83.75,1.2957467223489292,1.2957467223489292,4.733333333333333,4.733333333333333,,,
12000,0.3,0.005,0.05,permanent_fork,sth_proof,0.05,0.05,0.05,0.0,15,0.9333333333333333,50.0,38.75,83.75,1.2957467223489292,1.2957467223489292,4.733333333333333,4.733333333333333,,,
12000,0.3,0.007,0.01,permanent_fork,sth_proof,0.05,0.01,0.01,0.0,15,1.0,50.0,40.0,87.5,1.8225405901211043,1.8225405901211043,6.866666666666666,6.866666666666666,,,
12000,0.3,0.007,0.02,permanent_fork,sth_proof,0.05,0.02,0.02,0.0,15,1.0,50.0,40.0,87.5,1.8225405901211043,1.8225405901211043,6.866666666666666,6.866666666666666,,,
12000,0.3,0.007,0.03,permanent_fork,sth_proof,0.05,0.03,0.03,0.0,15,1.0,50.0,40.0,87.5,1.8225405901211043,1.8225405901211043,6.866666666666666,6.866666666666666,,,
12000,0.3,0.007,0.05,permanent_fork,sth_proof,0.05,0.05,0.05,0.0,15,1.0,50.0,40.0,87.5,1.8225405901211043,1.8225405901211043,6.866666666666666,6.866666666666666,,,
12000,0.3,0.01,0.01,permanent_fork,sth_proof,0.05,0.01,0.01,0.0,15,1.0,50.0,35.0,60.0,2.5579737634418245,2.5579737634418245,8.8,8.8,,,
12000,0.3,0.01,0.02,permanent_fork,sth_proof,0.05,0.02,0.02,0.0,15,1.0,50.0,35.0,60.0,2.5579737634418245,2.5579737634418245,8.8,8.8,,,
12000,0.3,0.01,0.03,permanent_fork,sth_proof,0.05,0.03,0.03,0.0,15,1.0,50.0,35.0,60.0,2.5579737634418245,2.5579737634418245,8.8,8.8,,,
12000,0.3,0.01,0.05,permanent_fork,sth_proof,0.05,0.05,0.05,0.0,15,1.0,50.0,35.0,60.0,2.5579737634418245,2.5579737634418245,8.8,8.8,,,
12000,0.3,0.015,0.01,permanent_fork,sth_proof,0.05,0.01,0.01,0.0,15,1.0,35.0,15.0,47.5,3.946662751766012,3.946662751766012,14.733333333333333,14.733333333333333,,,
12000,0.3,0.015,0.02,permanent_fork,sth_proof,0.05,0.02,0.02,0.0,15,1.0,35.0,15.0,47.5,3.946662751766012,3.946662751766012,14.733333333333333,14.733333333333333,,,
12000,0.3,0.015,0.03,permanent_fork,sth_proof,0.05,0.03,0.03,0.0,15,1.0,35.0,15.0,47.5,3.946662751766012,3.946662751766012,14.733333333333333,14.733333333333333,,,
12000,0.3,0.015,0.05,permanent_fork,sth_proof,0.05,0.05,0.05,0.0,15,1.0,35.0,15.0,47.5,3.946662751766012,3.946662751766012,14.733333333333333,14.733333333333333,,,
12000,0.3,0.02,0.01,permanent_fork,sth_proof,0.05,0.01,0.01,0.0,15,1.0,15.0,15.0,37.5,5.309307958225147,5.309307958225147,19.866666666666667,19.866666666666667,,,
12000,0.3,0.02,0.02,permanent_fork,sth_proof,0.05,0.02,0.02,0.0,15,1.0,15.0,15.0,37.5,5.309307958225147,5.309307958225147,19.866666666666667,19.866666666666667,,,
12000,0.3,0.02,0.03,permanent_fork,sth_proof,0.05,0.03,0.03,0.0,15,1.0,15.0,15.0,37.5,5.309307958225147,5.309307958225147,19.866666666666667,19.866666666666667,,,
12000,0.3,0.02,0.05,permanent_fork,sth_proof,0.05,0.05,0.05,0.0,15,1.0,15.0,15.0,37.5,5.309307958225147,5.309307958225147,19.866666666666667,19.866666666666667,,,
12000,0.3,0.03,0.01,permanent_fork,sth_proof,0.05,0.01,0.01,0.0,15,1.0,15.0,7.5,15.0,7.775207184987994,7.775207184987994,28.866666666666667,28.866666666666667,,,
12000,0.3,0.03,0.02,permanent_fork,sth_proof,0.05,0.02,0.02,0.0,15,1.0,15.0,7.5,15.0,7.775207184987994,7.775207184987994,28.866666666666667,28.866666666666667,,,
12000,0.3,0.03,0.03,permanent_fork,sth_proof,0.05,0.03,0.03,0.0,15,1.0,15.0,7.5,15.0,7.775207184987994,7.775207184987994,28.866666666666667,28.866666666666667,,,
12000,0.3,0.03,0.05,permanent_fork,sth_proof,0.05,0.05,0.05,0.0,15,1.0,15.0,7.5,15.0,7.775207184987994,7.775207184987994,28.866666666666667,28.866666666666667,,,
12000,0.3,0.05,0.01,permanent_fork,sth_proof,0.05,0.01,0.01,0.0,15,1.0,10.0,2.5,12.5,13.234978785833176,13.234978785833176,51.6,51.6,,,
12000,0.3,0.05,0.02,permanent_fork,sth_proof,0.05,0.02,0.02,0.0,15,1.0,10.0,2.5,12.5,13.234978785833176,13.234978785833176,51.6,51.6,,,
12000,0.3,0.05,0.03,permanent_fork,sth_proof,0.05,0.03,0.03,0.0,15,1.0,10.0,2.5,12.5,13.234978785833176,13.234978785833176,51.6,51.6,,,
12000,0.3,0.05,0.05,permanent_fork,sth_proof,0.05,0.05,0.05,0.0,15,1.0,10.0,2.5,12.5,13.234978785833176,13.234978785833176,51.6,51.6,,,
